test
SELECT 2;
2
select 1;
1
SELECT 2;
2
