test
SELECT 2;
2
select 1;
1
slect  2;
[parser:1064]You have an error in your SQL syntax; check the manual that corresponds to your TiDB version for the right syntax to use line 1 column 5 near "slect  2;" 
SELECT 2;
2
