drop table if exists t1,t2,t3;
SET sql_mode = 'NO_ENGINE_SUBSTITUTION';
CREATE TABLE t1 (
id int(6) DEFAULT '0' NOT NULL,
idservice int(5),
clee char(20) NOT NULL,
flag char(1),
KEY id (id),
PRIMARY KEY (clee)
);
INSERT INTO t1 VALUES (2,4,'6067169d','Y');
INSERT INTO t1 VALUES (2,5,'606716d1','Y');
INSERT INTO t1 VALUES (2,1,'606717c1','Y');
INSERT INTO t1 VALUES (3,1,'6067178d','Y');
INSERT INTO t1 VALUES (2,6,'60671515','Y');
INSERT INTO t1 VALUES (2,7,'60671569','Y');
INSERT INTO t1 VALUES (2,3,'dd','Y');
CREATE TABLE t2 (
id int(6) NOT NULL auto_increment,
description varchar(40) NOT NULL,
idform varchar(40),
ordre int(6) unsigned DEFAULT '0' NOT NULL,
image varchar(60),
PRIMARY KEY (id),
KEY id (id,ordre)
);
INSERT INTO t2 VALUES (1,'Emettre un appel d''offres','en_construction.html',10,'emettre.gif');
INSERT INTO t2 VALUES (2,'Emettre des soumissions','en_construction.html',20,'emettre.gif');
INSERT INTO t2 VALUES (7,'Liste des t2','t2_liste_form.phtml',51060,'link.gif');
INSERT INTO t2 VALUES (8,'Consulter les soumissions','consulter_soumissions.phtml',200,'link.gif');
INSERT INTO t2 VALUES (9,'Ajouter un type de materiel','typeMateriel_ajoute_form.phtml',51000,'link.gif');
INSERT INTO t2 VALUES (10,'Lister/modifier un type de materiel','typeMateriel_liste_form.phtml',51010,'link.gif');
INSERT INTO t2 VALUES (3,'Créer une fiche de client','clients_ajoute_form.phtml',40000,'link.gif');
INSERT INTO t2 VALUES (4,'Modifier des clients','en_construction.html',40010,'link.gif');
INSERT INTO t2 VALUES (5,'Effacer des clients','en_construction.html',40020,'link.gif');
INSERT INTO t2 VALUES (6,'Ajouter un service','t2_ajoute_form.phtml',51050,'link.gif');
select t1.id,t1.idservice,t2.ordre,t2.description  from t1, t2 where t1.id = 2   and t1.idservice = t2.id  order by t2.ordre;
2	1	10	Emettre un appel d'offres
2	3	40000	Créer une fiche de client
2	4	40010	Modifier des clients
2	5	40020	Effacer des clients
2	6	51050	Ajouter un service
2	7	51060	Liste des t2
drop table t1,t2;
create table t1 (first char(10),last char(10));
insert into t1 values ("Michael","Widenius");
insert into t1 values ("Allan","Larsson");
insert into t1 values ("David","Axmark");
select concat(first," ",last) as name from t1 order by name;
Allan Larsson
David Axmark
Michael Widenius
select concat(last," ",first) as name from t1 order by name;
Axmark David
Larsson Allan
Widenius Michael
drop table t1;
create table t1 (i int);
insert into t1 values(1),(2),(1),(2),(1),(2),(3);
select distinct i from t1;
1
2
3
select distinct i from t1 order by rand(5);
1
3
2
select distinct i from t1 order by i desc;
3
2
1
select distinct i from t1 order by 1-i;
3
2
1
select distinct i from t1 order by mod(i,2),i;
2
1
3
drop table t1;
create table t1 ( pk     int primary key, name   varchar(255) not null, number varchar(255) not null);
insert into t1 values (1, 'Gamma',     '123'), (2, 'Gamma Ext', '123a'), (3, 'Alpha',     '001'), (4, 'Beta',      '200c');
select distinct t1.name as 'Building Name',t1.number as 'Building Number' from t1 order by t1.name asc;
Alpha	001
Beta	200c
Gamma	123
Gamma Ext	123a
drop table t1;
create table t1 (id int not null,col1 int not null,col2 int not null,index(col1));
insert into t1 values(1,2,2),(2,2,1),(3,1,2),(4,1,1),(5,1,4),(6,2,3),(7,3,1),(8,2,4);
select * from t1 order by col1,col2;
4	1	1
3	1	2
5	1	4
2	2	1
1	2	2
6	2	3
8	2	4
7	3	1
select col1 from t1 order by id;
2
2
1
1
1
2
3
2
select col1 as id from t1 order by id;
1
1
1
2
2
2
2
3
select concat(col1) as id from t1 order by id;
1
1
1
2
2
2
2
3
drop table t1;
CREATE TABLE t1 (id int auto_increment primary key,aika varchar(40),aikakentta  timestamp);
insert into t1 (aika) values ('Keskiviikko');
insert into t1 (aika) values ('Tiistai');
insert into t1 (aika) values ('Maanantai');
insert into t1 (aika) values ('Sunnuntai');
SELECT FIELD(SUBSTRING(t1.aika,1,2),'Ma','Ti','Ke','To','Pe','La','Su') AS test FROM t1 ORDER by test;
1
2
3
7
drop table t1;
CREATE TABLE t1
(
a          int unsigned       NOT NULL,
b          int unsigned       NOT NULL,
c          int unsigned       NOT NULL,
UNIQUE(a),
INDEX(b),
INDEX(c)
);
CREATE TABLE t2
(
c          int unsigned       NOT NULL,
i          int unsigned       NOT NULL,
INDEX(c)
);
CREATE TABLE t3
(
c          int unsigned       NOT NULL,
v          varchar(64),
INDEX(c)
);
INSERT INTO t1 VALUES (1,1,1);
INSERT INTO t1 VALUES (2,1,2);
INSERT INTO t1 VALUES (3,2,1);
INSERT INTO t1 VALUES (4,2,2);
INSERT INTO t2 VALUES (1,50);
INSERT INTO t2 VALUES (2,25);
INSERT INTO t3 VALUES (1,'123 Park Place');
INSERT INTO t3 VALUES (2,'453 Boardwalk');
SELECT    a,b,if(b = 1,i,if(b = 2,v,''))
FROM      t1
LEFT JOIN t2 USING(c)
LEFT JOIN t3 ON t3.c = t1.c;
1	1	50
2	1	25
3	2	123 Park Place
4	2	453 Boardwalk
SELECT    a,b,if(b = 1,i,if(b = 2,v,''))
FROM      t1
LEFT JOIN t2 ON t1.c = t2.c
LEFT JOIN t3 ON t3.c = t1.c;
1	1	50
2	1	25
3	2	123 Park Place
4	2	453 Boardwalk
SELECT    a,b,if(b = 1,i,if(b = 2,v,''))
FROM      t1
LEFT JOIN t2 USING(c)
LEFT JOIN t3 ON t3.c = t1.c
ORDER BY a;
1	1	50
2	1	25
3	2	123 Park Place
4	2	453 Boardwalk
SELECT    a,b,if(b = 1,i,if(b = 2,v,''))
FROM      t1
LEFT JOIN t2 ON t1.c = t2.c
LEFT JOIN t3 ON t3.c = t1.c
ORDER BY a;
1	1	50
2	1	25
3	2	123 Park Place
4	2	453 Boardwalk
drop table t1,t2,t3;
create table t1 (ID int not null primary key, TransactionID int not null);
insert into t1 (ID, TransactionID) values  (1,  87), (2,  89), (3,  92), (4,  94), (5,  486), (6,  490), (7,  753), (9,  828), (10, 832), (11, 834), (12, 840);
create table t2 (ID int not null primary key, GroupID int not null);
insert into t2 (ID, GroupID) values (87,  87), (89,  89), (92,  92), (94,  94), (486, 486), (490, 490),(753, 753), (828, 828), (832, 832), (834, 834), (840, 840);
create table t3 (ID int not null primary key, DateOfAction date not null);
insert into t3 (ID, DateOfAction) values  (87,  '1999-07-19'), (89,  '1999-07-19'), (92,  '1999-07-19'), (94,  '1999-07-19'), (486, '1999-07-18'), (490, '2000-03-27'), (753, '2000-03-28'), (828, '1999-07-27'), (832, '1999-07-27'),(834, '1999-07-27'), (840, '1999-07-27');
select t3.DateOfAction, t1.TransactionID from t1 join t2 join t3 where t2.ID = t1.TransactionID and t3.ID = t2.GroupID order by t3.DateOfAction, t1.TransactionID;
1999-07-18	486
1999-07-19	87
1999-07-19	89
1999-07-19	92
1999-07-19	94
1999-07-27	828
1999-07-27	832
1999-07-27	834
1999-07-27	840
2000-03-27	490
2000-03-28	753
select t3.DateOfAction, t1.TransactionID from t1 join t2 join t3 where t2.ID = t1.TransactionID and t3.ID = t2.GroupID order by t1.TransactionID,t3.DateOfAction;
1999-07-19	87
1999-07-19	89
1999-07-19	92
1999-07-19	94
1999-07-18	486
2000-03-27	490
2000-03-28	753
1999-07-27	828
1999-07-27	832
1999-07-27	834
1999-07-27	840
drop table t1,t2,t3;
CREATE TABLE t1 (
member_id int(11) NOT NULL auto_increment,
inschrijf_datum varchar(20) NOT NULL default '',
lastchange_datum varchar(20) NOT NULL default '',
nickname varchar(20) NOT NULL default '',
password varchar(8) NOT NULL default '',
voornaam varchar(30) NOT NULL default '',
tussenvoegsels varchar(10) NOT NULL default '',
achternaam varchar(50) NOT NULL default '',
straat varchar(100) NOT NULL default '',
postcode varchar(10) NOT NULL default '',
wijk varchar(40) NOT NULL default '',
plaats varchar(50) NOT NULL default '',
telefoon varchar(10) NOT NULL default '',
geboortedatum date NOT NULL default '0000-00-00',
geslacht varchar(5) NOT NULL default '',
email varchar(80) NOT NULL default '',
uin varchar(15) NOT NULL default '',
homepage varchar(100) NOT NULL default '',
internet varchar(15) NOT NULL default '',
scherk varchar(30) NOT NULL default '',
favo_boek varchar(50) NOT NULL default '',
favo_tijdschrift varchar(50) NOT NULL default '',
favo_tv varchar(50) NOT NULL default '',
favo_eten varchar(50) NOT NULL default '',
favo_muziek varchar(30) NOT NULL default '',
info text NOT NULL default '',
ipnr varchar(30) NOT NULL default '',
PRIMARY KEY  (member_id)
) charset utf8mb4 ENGINE=MyISAM PACK_KEYS=1;
insert into t1 (member_id) values (1),(2),(3);
select member_id, nickname, voornaam FROM t1
ORDER by lastchange_datum DESC LIMIT 2;
1		
2		
drop table t1;
create table t1 (a int not null, b int, c varchar(10), key (a, b, c)) charset utf8mb4;
insert into t1 values (1, NULL, NULL), (1, NULL, 'b'), (1, 1, NULL), (1, 1, 'b'), (1, 1, 'b'), (2, 1, 'a'), (2, 1, 'b'), (2, 2, 'a'), (2, 2, 'b'), (2, 3, 'c'),(1,3,'b');
select * from t1 where (a = 1 and b is null and c = 'b') or (a > 2) order by a desc;
1	NULL	b
select * from t1 where (a = 1 and b is null and c = 'b') or (a > 2) order by a desc;
1	NULL	b
select * from t1 where a >= 1 and a < 3 order by a desc;
2	3	c
2	2	b
2	2	a
2	1	b
2	1	a
1	3	b
1	1	b
1	1	b
1	1	NULL
1	NULL	b
1	NULL	NULL
select * from t1 where a >= 1 and a < 3 order by a desc;
2	3	c
2	2	b
2	2	a
2	1	b
2	1	a
1	3	b
1	1	b
1	1	b
1	1	NULL
1	NULL	b
1	NULL	NULL
select * from t1 where a >= 1 and a < 3 order by a desc;
2	3	c
2	2	b
2	2	a
2	1	b
2	1	a
1	3	b
1	1	b
1	1	b
1	1	NULL
1	NULL	b
1	NULL	NULL
select * from t1 where a = 1 order by a desc, b desc;
1	3	b
1	1	b
1	1	b
1	1	NULL
1	NULL	b
1	NULL	NULL
select * from t1 where a = 1 order by a desc, b desc;
1	3	b
1	1	b
1	1	b
1	1	NULL
1	NULL	b
1	NULL	NULL
select * from t1 where a = 1 and b is null order by a desc, b desc;
1	NULL	NULL
1	NULL	b
select * from t1 where a = 1 and b is null order by a desc, b desc;
1	NULL	NULL
1	NULL	b
select * from t1 where a >= 1 and a < 3 and b >0 order by a desc,b desc;
2	3	c
2	2	b
2	2	a
2	1	b
2	1	a
1	3	b
1	1	b
1	1	b
1	1	NULL
select * from t1 where a = 2 and b >0 order by a desc,b desc;
2	3	c
2	2	b
2	2	a
2	1	b
2	1	a
select * from t1 where a = 2 and b is null order by a desc,b desc;
select * from t1 where a = 2 and (b is null or b > 0) order by a
desc,b desc;
2	3	c
2	2	b
2	2	a
2	1	b
2	1	a
select * from t1 where a = 2 and b > 0 order by a desc,b desc;
2	3	c
2	2	b
2	2	a
2	1	b
2	1	a
select * from t1 where a = 2 and b < 2 order by a desc,b desc;
2	1	b
2	1	a
select * from t1 where a = 1 order by b desc;
1	3	b
1	1	b
1	1	b
1	1	NULL
1	NULL	b
1	NULL	NULL
select * from t1 where a = 1 order by b desc;
1	3	b
1	1	b
1	1	b
1	1	NULL
1	NULL	b
1	NULL	NULL
alter table t1 modify b int not null, modify c varchar(10) not null;
select * from t1 order by a, b, c;
1	0	
1	0	b
1	1	
1	1	b
1	1	b
1	3	b
2	1	a
2	1	b
2	2	a
2	2	b
2	3	c
select * from t1 order by a, b, c;
1	0	
1	0	b
1	1	
1	1	b
1	1	b
1	3	b
2	1	a
2	1	b
2	2	a
2	2	b
2	3	c
select * from t1 order by a desc, b desc, c desc;
2	3	c
2	2	b
2	2	a
2	1	b
2	1	a
1	3	b
1	1	b
1	1	b
1	1	
1	0	b
1	0	
select * from t1 order by a desc, b desc, c desc;
2	3	c
2	2	b
2	2	a
2	1	b
2	1	a
1	3	b
1	1	b
1	1	b
1	1	
1	0	b
1	0	
select * from t1 where (a = 1 and b = 1 and c = 'b') or (a > 2) order by a desc;
1	1	b
1	1	b
select * from t1 where (a = 1 and b = 1 and c = 'b') or (a > 2) order by a desc;
1	1	b
1	1	b
select * from t1 where a < 2 and b <= 1 order by a desc, b desc;
1	1	b
1	1	b
1	1	
1	0	b
1	0	
select * from t1 where a < 2 and b <= 1 order by a desc, b desc;
1	1	b
1	1	b
1	1	
1	0	b
1	0	
select count(*) from t1 where a < 5 and b > 0;
9
select * from t1 where a < 5 and b > 0 order by a desc,b desc;
2	3	c
2	2	b
2	2	a
2	1	b
2	1	a
1	3	b
1	1	b
1	1	b
1	1	
select * from t1 where a between 1 and 3 and b <= 1 order by a desc, b desc;
2	1	b
2	1	a
1	1	b
1	1	b
1	1	
1	0	b
1	0	
select * from t1 where a between 1 and 3 and b <= 1 order by a desc, b desc;
2	1	b
2	1	a
1	1	b
1	1	b
1	1	
1	0	b
1	0	
select * from t1 where a between 0 and 1 order by a desc, b desc;
1	3	b
1	1	b
1	1	b
1	1	
1	0	b
1	0	
select * from t1 where a between 0 and 1 order by a desc, b desc;
1	3	b
1	1	b
1	1	b
1	1	
1	0	b
1	0	
drop table t1;
CREATE TABLE t1 (
gid int(10) unsigned NOT NULL auto_increment,
cid smallint(5) unsigned NOT NULL default '0',
PRIMARY KEY  (gid),
KEY component_id (cid)
) ENGINE=MyISAM;
INSERT INTO t1 VALUES (103853,108),(103867,108),(103962,108),(104505,108),(104619,108),(104620,108);
ALTER TABLE t1 add skr int(10) not null;
CREATE TABLE t2 (
gid int(10) unsigned NOT NULL default '0',
uid smallint(5) unsigned NOT NULL default '1',
sid tinyint(3) unsigned NOT NULL default '1',
PRIMARY KEY  (gid),
KEY uid (uid),
KEY status_id (sid)
) ENGINE=MyISAM;
INSERT INTO t2 VALUES (103853,250,5),(103867,27,5),(103962,27,5),(104505,117,5),(104619,75,5),(104620,15,5);
CREATE TABLE t3 (
uid smallint(6) NOT NULL auto_increment,
PRIMARY KEY  (uid)
) ENGINE=MyISAM;
INSERT INTO t3 VALUES (1),(15),(27),(75),(117),(250);
ALTER TABLE t3 add skr int(10) not null;
select t1.gid, t2.sid, t3.uid from t2, t1, t3 where t2.gid = t1.gid and t2.uid = t3.uid order by t3.uid, t1.gid;
104620	5	15
103867	5	27
103962	5	27
104619	5	75
104505	5	117
103853	5	250
select t1.gid, t2.sid, t3.uid from t3, t2, t1 where t2.gid = t1.gid and t2.uid = t3.uid order by t3.uid, t1.gid;
104620	5	15
103867	5	27
103962	5	27
104619	5	75
104505	5	117
103853	5	250
select t1.gid, t2.sid, t3.uid from t3, t2, t1 where t2.gid = t1.gid and t2.uid = t3.uid order by t1.gid, t3.uid;
103853	5	250
103867	5	27
103962	5	27
104505	5	117
104619	5	75
104620	5	15
SELECT t1.gid, t3.uid from t1, t3 where t1.gid = t3.uid order by t1.gid,t3.skr;
SELECT t1.gid, t2.sid, t3.uid from t2, t1, t3 where t2.gid = t1.gid and t2.uid = t3.uid order by t3.uid, t1.gid;
104620	5	15
103867	5	27
103962	5	27
104619	5	75
104505	5	117
103853	5	250
SELECT t1.gid, t3.uid from t1, t3 where t1.gid = t3.uid order by t3.skr,t1.gid;
SELECT t1.gid, t3.uid from t1, t3 where t1.skr = t3.uid order by t1.gid,t3.skr;
drop table t1,t2,t3;
CREATE TABLE t1 (
`titre` char(80) NOT NULL default '',
`numeropost` mediumint(8) unsigned NOT NULL auto_increment,
`date` datetime NOT NULL default '0000-00-00 00:00:00',
`auteur` char(35) NOT NULL default '',
`icone` tinyint(2) unsigned NOT NULL default '0',
`lastauteur` char(35) NOT NULL default '',
`nbrep` smallint(6) unsigned NOT NULL default '0',
`dest` char(35) NOT NULL default '',
`lu` tinyint(1) unsigned NOT NULL default '0',
`vue` mediumint(8) unsigned NOT NULL default '0',
`ludest` tinyint(1) unsigned NOT NULL default '0',
`ouvert` tinyint(1) unsigned NOT NULL default '1',
PRIMARY KEY  (`numeropost`),
KEY `date` (`date`),
KEY `dest` (`dest`,`ludest`),
KEY `auteur` (`auteur`,`lu`),
KEY `auteur_2` (`auteur`,`date`),
KEY `dest_2` (`dest`,`date`)
) CHECKSUM=1;
CREATE TABLE t2 (
`numeropost` mediumint(8) unsigned NOT NULL default '0',
`pseudo` char(35) NOT NULL default '',
PRIMARY KEY  (`numeropost`,`pseudo`),
KEY `pseudo` (`pseudo`)
);
INSERT INTO t1 (titre,auteur,dest) VALUES ('test','joce','bug');
INSERT INTO t2 (numeropost,pseudo) VALUES (1,'joce'),(1,'bug');
SELECT titre,t1.numeropost,auteur,icone,nbrep,0,date,vue,ouvert,lastauteur,dest FROM t2 LEFT JOIN t1 USING(numeropost) WHERE t2.pseudo='joce' ORDER BY date DESC LIMIT 0,30;
test	1	joce	0	0	0	0000-00-00 00:00:00	0	1		bug
SELECT titre,numeropost,auteur,icone,nbrep,0,date,vue,ouvert,lastauteur,dest FROM t2 LEFT JOIN t1 USING(numeropost) WHERE t2.pseudo='joce' ORDER BY date DESC LIMIT 0,30;
test	1	joce	0	0	0	0000-00-00 00:00:00	0	1		bug
SELECT titre,t1.numeropost,auteur,icone,nbrep,'0',date,vue,ouvert,lastauteur,dest FROM t2 LEFT JOIN t1 USING(numeropost) WHERE t2.pseudo='joce' ORDER BY date DESC LIMIT 0,30;
test	1	joce	0	0	0	0000-00-00 00:00:00	0	1		bug
SELECT titre,numeropost,auteur,icone,nbrep,'0',date,vue,ouvert,lastauteur,dest FROM t2 LEFT JOIN t1 USING(numeropost) WHERE t2.pseudo='joce' ORDER BY date DESC LIMIT 0,30;
test	1	joce	0	0	0	0000-00-00 00:00:00	0	1		bug
drop table t1,t2;
CREATE TABLE t1 (a int, b int);
INSERT INTO t1 VALUES (1, 2);
INSERT INTO t1 VALUES (3, 4);
INSERT INTO t1 VALUES (5, NULL);
SELECT * FROM t1 ORDER BY b;
5	NULL
1	2
3	4
SELECT * FROM t1 ORDER BY b DESC;
3	4
1	2
5	NULL
SELECT * FROM t1 ORDER BY (a + b);
5	NULL
1	2
3	4
SELECT * FROM t1 ORDER BY (a + b) DESC;
3	4
1	2
5	NULL
DROP TABLE t1;
create table t1(id int not null auto_increment primary key, t char(12));
select id,t from t1 order by id;
select id,t from t1 force index (primary) order by id;
drop table t1;
CREATE TABLE t1 (
FieldKey varchar(36) NOT NULL default '',
LongVal bigint(20) default NULL,
StringVal mediumtext,
KEY FieldKey (FieldKey),
KEY LongField (FieldKey,LongVal),
KEY StringField (FieldKey,StringVal(32))
) charset utf8mb4;
INSERT INTO t1 VALUES ('0',3,'0'),('0',2,'1'),('0',1,'2'),('1',2,'1'),('1',1,'3'), ('1',0,'2'),('2',3,'0'),('2',2,'1'),('2',1,'2'),('2',3,'0'),('2',2,'1'),('2',1,'2'),('3',2,'1'),('3',1,'2'),('3','3','3');
SELECT * FROM t1 WHERE FieldKey = '1' ORDER BY LongVal;
1	0	2
1	1	3
1	2	1
SELECT * FROM t1 WHERE FieldKey = '1' ORDER BY LongVal;
1	0	2
1	1	3
1	2	1
SELECT * FROM t1 ignore index (FieldKey, LongField) WHERE FieldKey > '2' ORDER BY LongVal;
3	1	2
3	2	1
3	3	3
SELECT * FROM t1 WHERE FieldKey > '2' ORDER BY LongVal;
3	1	2
3	2	1
3	3	3
SELECT * FROM t1 WHERE FieldKey > '2' ORDER BY FieldKey, LongVal;
3	1	2
3	2	1
3	3	3
SELECT * FROM t1 WHERE FieldKey > '2' ORDER BY FieldKey, LongVal;
3	1	2
3	2	1
3	3	3
DROP TABLE t1;
CREATE TABLE t1 (a INT, b INT);
SET @id=0;
UPDATE t1 SET a=0 ORDER BY (a=@id), b;
DROP TABLE t1;
CREATE TABLE t1 (  id smallint(6) unsigned NOT NULL default '0',  menu tinyint(4) NOT NULL default '0',  KEY id (id),  KEY menu (menu)) ENGINE=MyISAM;
INSERT INTO t1 VALUES (11384, 2),(11392, 2);
SELECT id FROM t1 WHERE id <11984 AND menu =2 ORDER BY id DESC LIMIT 1 ;
11392
drop table t1;
create table t1(a int, b int, index(b));
insert into t1 values (2, 1), (1, 1), (4, NULL), (3, NULL), (6, 2), (5, 2);
select * from t1 where b=1 or b is null order by a;
1	1
2	1
3	NULL
4	NULL
select * from t1 where b=1 or b is null order by a;
1	1
2	1
3	NULL
4	NULL
select * from t1 where b=2 or b is null order by a;
3	NULL
4	NULL
5	2
6	2
select * from t1 where b=2 or b is null order by a;
3	NULL
4	NULL
5	2
6	2
drop table t1;
create table t1 (a int not null auto_increment, b int not null, c int not null, d int not null,
key(a,b,d), key(c,b,a));
create table t2 like t1;
insert into t1 values (NULL, 1, 2, 0), (NULL, 2, 1, 1), (NULL, 3, 4, 2), (NULL, 4, 3, 3);
insert into t2 select null, b, c, d from t1;
insert into t1 select null, b, c, d from t2;
insert into t2 select null, b, c, d from t1;
insert into t1 select null, b, c, d from t2;
insert into t2 select null, b, c, d from t1;
insert into t1 select null, b, c, d from t2;
insert into t2 select null, b, c, d from t1;
insert into t1 select null, b, c, d from t2;
insert into t2 select null, b, c, d from t1;
insert into t1 select null, b, c, d from t2;
set @row=10;
select * from t1 where a=1 and b in (1) order by c, b, a;
1	1	2	0
select * from t1 where a=1 and b in (1);
1	1	2	0
drop table t1, t2;
create table t1 (col1 int, col int);
create table t2 (col2 int, col int);
insert into t1 values (1,1),(2,2),(3,3);
insert into t2 values (1,3),(2,2),(3,1);
select t1.* , t2.col as t2_col from t1 left join t2 on (t1.col1=t2.col2)
order by col;
1	1	3
2	2	2
3	3	1
select t1.col as t1_col, t2.col from t1, t2 where t1.col1=t2.col2
order by col;
3	1
2	2
1	3
select col2 as c, col as c from t2 order by col;
3	1
2	2
1	3
select col2 as col, col as col2 from t2 order by col;
1	3
2	2
3	1
select t2.col2, t2.col, t2.col from t2 order by col;
3	1	1
2	2	2
1	3	3
select t2.col2 as col from t2 order by t2.col;
3
2
1
select t2.col2 as col, t2.col from t2 order by t2.col;
3	1
2	2
1	3
select t2.col2, t2.col, t2.col from t2 order by t2.col;
3	1	1
2	2	2
1	3	3
drop table t1, t2;
create table t1 (a char(25)) charset latin1;
insert into t1 set a = repeat('x', 20);
insert into t1 set a = concat(repeat('x', 19), 'z');
insert into t1 set a = concat(repeat('x', 19), 'ab');
insert into t1 set a = concat(repeat('x', 19), 'aa');
set max_sort_length=20;
drop table t1;
create table t1 (
`sid` decimal(8,0) default null,
`wnid` varchar(11) not null default '',
key `wnid14` (`wnid`(4)),
key `wnid` (`wnid`)
) engine=myisam default charset=latin1;
insert into t1 (`sid`, `wnid`) values
('10100','01019000000'),('37986','01019000000'),('37987','01019010000'),
('39560','01019090000'),('37989','01019000000'),('37990','01019011000'),
('37991','01019011000'),('37992','01019019000'),('37993','01019030000'),
('37994','01019090000'),('475','02070000000'),('25253','02071100000'),
('25255','02071100000'),('25256','02071110000'),('25258','02071130000'),
('25259','02071190000'),('25260','02071200000'),('25261','02071210000'),
('25262','02071290000'),('25263','02071300000'),('25264','02071310000'),
('25265','02071310000'),('25266','02071320000'),('25267','02071320000'),
('25269','02071330000'),('25270','02071340000'),('25271','02071350000'),
('25272','02071360000'),('25273','02071370000'),('25281','02071391000'),
('25282','02071391000'),('25283','02071399000'),('25284','02071400000'),
('25285','02071410000'),('25286','02071410000'),('25287','02071420000'),
('25288','02071420000'),('25291','02071430000'),('25290','02071440000'),
('25292','02071450000'),('25293','02071460000'),('25294','02071470000'),
('25295','02071491000'),('25296','02071491000'),('25297','02071499000');
select * from t1 where wnid like '0101%' order by wnid;
10100	01019000000
37986	01019000000
37989	01019000000
37987	01019010000
37990	01019011000
37991	01019011000
37992	01019019000
37993	01019030000
39560	01019090000
37994	01019090000
select * from t1 where wnid like '0101%' order by wnid;
10100	01019000000
37986	01019000000
37989	01019000000
37987	01019010000
37990	01019011000
37991	01019011000
37992	01019019000
37993	01019030000
39560	01019090000
37994	01019090000
drop table t1;
CREATE TABLE t1 (a int);
INSERT INTO t1 VALUES (2), (1), (1), (2), (1);
SELECT a FROM t1 ORDER BY a;
1
1
1
2
2
(SELECT a FROM t1) ORDER BY a;
1
1
1
2
2
DROP TABLE t1;
CREATE TABLE t1 (a int, b int);
INSERT INTO t1 VALUES (1,30), (2,20), (1,10), (2,30), (1,20), (2,10);
(SELECT b,a FROM t1 ORDER BY a,b) ORDER BY b,a;
10	1
10	2
20	1
20	2
30	1
30	2
(SELECT b FROM t1 ORDER BY b DESC) ORDER BY b ASC;
10
10
20
20
30
30
(SELECT b,a FROM t1 ORDER BY b,a) ORDER BY a,b;
10	1
20	1
30	1
10	2
20	2
30	2
DROP TABLE t1;
CREATE TABLE t1 (a INT);
 INSERT INTO t1 VALUES (1),(2);
SELECT a + 1 AS num FROM t1 ORDER BY 30 - num;
3
2
SELECT CONCAT('test', a) AS str FROM t1 ORDER BY UPPER(str);
test1
test2
SELECT a + 1 AS num FROM t1 GROUP BY 30 - num;
2
3
SELECT a + 1 AS num FROM t1 HAVING 30 - num;
2
3
SELECT a + 1 AS num, (select num + 2 FROM t1 LIMIT 1) FROM t1;
2	4
3	5
DROP TABLE t1;
CREATE TABLE bug25126 (
val int unsigned NOT NULL AUTO_INCREMENT PRIMARY KEY
);
UPDATE bug25126 SET val = val ORDER BY val;
UPDATE bug25126 SET val = 1 ORDER BY val;
DROP TABLE bug25126;
CREATE TABLE t1 (a int);
SELECT p.a AS val, q.a AS val1 FROM t1 p, t1 q ORDER BY val > 1;
DROP TABLE t1;
CREATE TABLE t1 (a int);
INSERT INTO t1 VALUES (3), (2), (4), (1);
SELECT a, IF(a IN (2,3), a, a+10) FROM t1
ORDER BY IF(a IN (2,3), a, a+10);
2	2
3	3
1	11
4	14
SELECT a, IF(a NOT IN (2,3), a, a+10) FROM t1
ORDER BY IF(a NOT IN (2,3), a, a+10);
1	1
4	4
2	12
3	13
SELECT a, IF(a IN (2,3), a, a+10) FROM t1
ORDER BY IF(a NOT IN (2,3), a, a+10);
1	11
4	14
2	2
3	3
SELECT a, IF(a BETWEEN 2 AND 3, a, a+10) FROM t1
ORDER BY IF(a BETWEEN 2 AND 3, a, a+10);
2	2
3	3
1	11
4	14
SELECT a, IF(a NOT BETWEEN 2 AND 3, a, a+10) FROM t1
ORDER BY IF(a NOT BETWEEN 2 AND 3, a, a+10);
1	1
4	4
2	12
3	13
SELECT a, IF(a BETWEEN 2 AND 3, a, a+10) FROM t1
ORDER BY IF(a NOT BETWEEN 2 AND 3, a, a+10);
1	11
4	14
2	2
3	3
SELECT IF(a IN (1,2), a, '') as x1, IF(a NOT IN (1,2), a, '') as x2
FROM t1 GROUP BY x1, x2;
	3
2	
	4
1	
SELECT IF(a IN (1,2), a, '') as x1, IF(a NOT IN (1,2), a, '') as x2
FROM t1 GROUP BY x1, IF(a NOT IN (1,2), a, '');
	3
2	
	4
1	
SELECT a, a IN (1,2) FROM t1 ORDER BY a IN (1,2);
3	0
4	0
2	1
1	1
SELECT a FROM t1 ORDER BY a IN (1,2);
3
4
2
1
SELECT a+10 FROM t1 ORDER BY a IN (1,2);
13
14
12
11
SELECT a, IF(a IN (1,2), a, a+10) FROM t1
ORDER BY IF(a IN (3,4), a, a+10);
3	13
4	14
1	1
2	2
DROP TABLE t1;
create table t1 (a int not null, b  int not null, c int not null);
insert t1 values (1,1,1),(1,1,2),(1,2,1);
select a, b from t1 group by a, b order by sum(c);
1	2
1	1
drop table t1;
CREATE TABLE t1 (a int, b int, PRIMARY KEY  (a));
INSERT INTO t1 VALUES (1,1), (2,2), (3,3);
SELECT t1.b as a, t2.b as c FROM
t1 LEFT JOIN t1 t2 ON (t1.a = t2.a AND t2.a = 2)
ORDER BY c;
1	NULL
3	NULL
2	2
SELECT t2.b as c FROM
t1 LEFT JOIN t1 t2 ON (t1.a = t2.a AND t2.a = 2)
ORDER BY c;
NULL
NULL
2
SELECT t1.b as a, t2.b as c FROM
t1 JOIN t1 t2 ON (t1.a = t2.a AND t2.a = 2)
ORDER BY c;
2	2
CREATE TABLE t2 LIKE t1;
INSERT INTO t2 SELECT * from t1;
CREATE TABLE t3 LIKE t1;
INSERT INTO t3 SELECT * from t1;
CREATE TABLE t4 LIKE t1;
INSERT INTO t4 SELECT * from t1;
INSERT INTO t1 values (0,0),(4,4);
SELECT t2.b FROM t1 LEFT JOIN (t2, t3 LEFT JOIN t4 ON t3.a=t4.a)
ON (t1.a=t2.a AND t1.b=t3.b) order by t2.b;
NULL
NULL
1
2
3
DROP TABLE t1,t2,t3,t4;
create table t1 (a int, b int, c int);
insert into t1 values (1,2,3), (9,8,3), (19,4,3), (1,4,9);
select a,(sum(b)/sum(c)) as ratio from t1 group by a order by sum(b)/sum(c) asc;
1	0.5000
19	1.3333
9	2.6667
drop table t1;
CREATE TABLE t1 (a INT UNSIGNED NOT NULL, b TIME);
INSERT INTO t1 (a) VALUES (100000), (0), (100), (1000000),(10000), (1000), (10);
UPDATE t1 SET b = SEC_TO_TIME(a);
SELECT a, b FROM t1 ORDER BY b DESC;
1000000	277:46:40
100000	27:46:40
10000	02:46:40
1000	00:16:40
100	00:01:40
10	00:00:10
0	00:00:00
SELECT a, b FROM t1 ORDER BY SEC_TO_TIME(a) DESC;
1000000	277:46:40
100000	27:46:40
10000	02:46:40
1000	00:16:40
100	00:01:40
10	00:00:10
0	00:00:00
DROP TABLE t1;
CREATE TABLE t1 (a INT, b INT, PRIMARY KEY (a), UNIQUE KEY b (b));
INSERT INTO t1 VALUES (1,1),(2,2);
CREATE TABLE t2 (a INT, b INT, KEY a (a,b));
INSERT INTO t2 VALUES (1,1),(1,2),(2,1),(2,2);
SELECT 1 FROM t1,t2 WHERE t1.b=2 AND t1.a=t2.a ORDER BY t2.b;
1
1
DROP TABLE t1,t2;
CREATE TABLE t1(
id int auto_increment PRIMARY KEY, c2 int, c3 int, INDEX k2(c2), INDEX k3(c3));
INSERT INTO t1 (c2,c3) VALUES
(31,34),(35,38),(34,31),(32,35),(31,39),
(11,14),(15,18),(14,11),(12,15),(11,19);
INSERT INTO t1 (c2,c3) SELECT c2,c3 FROM t1;
INSERT INTO t1 (c2,c3) SELECT c2,c3 FROM t1;
INSERT INTO t1 (c2,c3) SELECT c2,c3 FROM t1;
INSERT INTO t1 (c2,c3) SELECT c2,c3 FROM t1;
INSERT INTO t1 (c2,c3) SELECT c2,c3 FROM t1;
INSERT INTO t1 (c2,c3) SELECT c2,c3 FROM t1;
INSERT INTO t1 (c2,c3) SELECT c2,c3 FROM t1;
INSERT INTO t1 (c2,c3) SELECT c2,c3 FROM t1;
INSERT INTO t1 (c2,c3) SELECT c2,c3 FROM t1;
INSERT INTO t1 (c2,c3) SELECT c2,c3 FROM t1;
INSERT INTO t1 (c2,c3) SELECT c2,c3 FROM t1;
INSERT INTO t1 (c2,c3) SELECT c2,c3 FROM t1;
UPDATE t1 SET c2=20 WHERE id%100 = 0;
SELECT COUNT(*) FROM t1;
40960
CREATE TABLE t2 LIKE t1;
INSERT INTO t2 SELECT * FROM t1 ORDER BY id;
SELECT id,c3 FROM t2 WHERE c2=11 ORDER BY c3 LIMIT 4000;
6	14
53227	14
16	14
53217	14
31	14
53207	14
41	14
53197	14
62	14
53187	14
72	14
53177	14
82	14
53167	14
92	14
53157	14
125	14
53147	14
135	14
53137	14
145	14
53127	14
155	14
53117	14
165	14
53107	14
175	14
53097	14
185	14
53087	14
195	14
53077	14
252	14
53067	14
262	14
53057	14
272	14
53047	14
282	14
53037	14
292	14
53027	14
302	14
53017	14
312	14
53007	14
322	14
52997	14
332	14
52987	14
342	14
52977	14
352	14
52967	14
362	14
52957	14
372	14
52947	14
382	14
52937	14
392	14
52927	14
402	14
52917	14
507	14
52907	14
517	14
52897	14
527	14
52887	14
537	14
52877	14
547	14
52867	14
557	14
52857	14
567	14
52847	14
577	14
52837	14
587	14
52827	14
597	14
52817	14
607	14
52807	14
617	14
52797	14
627	14
52787	14
637	14
52777	14
647	14
52767	14
657	14
52757	14
667	14
52747	14
677	14
52737	14
687	14
52727	14
697	14
52717	14
707	14
52707	14
717	14
52697	14
727	14
52687	14
737	14
52677	14
747	14
52667	14
757	14
52657	14
767	14
52647	14
777	14
52637	14
787	14
52627	14
797	14
52617	14
807	14
52607	14
817	14
52597	14
1018	14
52587	14
1028	14
52577	14
1038	14
52567	14
1048	14
52557	14
1058	14
52547	14
1068	14
52537	14
1078	14
52527	14
1088	14
52517	14
1098	14
52507	14
1108	14
52497	14
1118	14
52487	14
1128	14
52477	14
1138	14
52467	14
1148	14
52457	14
1158	14
52447	14
1168	14
52437	14
1178	14
52427	14
1188	14
52417	14
1198	14
52407	14
1208	14
52397	14
1218	14
52387	14
1228	14
52377	14
1238	14
52367	14
1248	14
52357	14
1258	14
52347	14
1268	14
52337	14
1278	14
52327	14
1288	14
52317	14
1298	14
52307	14
1308	14
52297	14
1318	14
52287	14
1328	14
52277	14
1338	14
52267	14
1348	14
52257	14
1358	14
52247	14
1368	14
52237	14
1378	14
52227	14
1388	14
52217	14
1398	14
52207	14
1408	14
52197	14
1418	14
52187	14
1428	14
52177	14
1438	14
52167	14
1448	14
52157	14
1458	14
52147	14
1468	14
52137	14
1478	14
52127	14
1488	14
52117	14
1498	14
52107	14
1508	14
52097	14
1518	14
52087	14
1528	14
52077	14
1538	14
52067	14
1548	14
52057	14
1558	14
52047	14
1568	14
52037	14
1578	14
52027	14
1588	14
52017	14
1598	14
52007	14
1608	14
51997	14
1618	14
51987	14
1628	14
51977	14
1638	14
51967	14
1648	14
51957	14
2041	14
51947	14
2051	14
51937	14
2061	14
51927	14
2071	14
51917	14
2081	14
51907	14
2091	14
51897	14
2101	14
51887	14
2111	14
51877	14
2121	14
51867	14
2131	14
51857	14
2141	14
51847	14
2151	14
51837	14
2161	14
51827	14
2171	14
51817	14
2181	14
51807	14
2191	14
51797	14
2201	14
51787	14
2211	14
51777	14
2221	14
51767	14
2231	14
51757	14
2241	14
51747	14
2251	14
51737	14
2261	14
51727	14
2271	14
51717	14
2281	14
51707	14
2291	14
51697	14
2301	14
51687	14
2311	14
51677	14
2321	14
51667	14
2331	14
51657	14
2341	14
51647	14
2351	14
51637	14
2361	14
51627	14
2371	14
51617	14
2381	14
51607	14
2391	14
51597	14
2401	14
51587	14
2411	14
51577	14
2421	14
51567	14
2431	14
51557	14
2441	14
51547	14
2451	14
51537	14
2461	14
51527	14
2471	14
51517	14
2481	14
51507	14
2491	14
51497	14
2501	14
51487	14
2511	14
51477	14
2521	14
51467	14
2531	14
51457	14
2541	14
51447	14
2551	14
51437	14
2561	14
51427	14
2571	14
51417	14
2581	14
51407	14
2591	14
51397	14
2601	14
51387	14
2611	14
51377	14
2621	14
51367	14
2631	14
51357	14
2641	14
51347	14
2651	14
51337	14
2661	14
51327	14
2671	14
51317	14
2681	14
51307	14
2691	14
51297	14
2701	14
51287	14
2711	14
51277	14
2721	14
51267	14
2731	14
51257	14
2741	14
51247	14
2751	14
51237	14
2761	14
51227	14
2771	14
51217	14
2781	14
51207	14
2791	14
51197	14
2801	14
51187	14
2811	14
51177	14
2821	14
51167	14
2831	14
51157	14
2841	14
51147	14
2851	14
51137	14
2861	14
51127	14
2871	14
51117	14
2881	14
51107	14
2891	14
51097	14
2901	14
51087	14
2911	14
51077	14
2921	14
51067	14
2931	14
51057	14
2941	14
51047	14
2951	14
51037	14
2961	14
51027	14
2971	14
51017	14
2981	14
51007	14
2991	14
50997	14
3001	14
50987	14
3011	14
50977	14
3021	14
50967	14
3031	14
50957	14
3041	14
50947	14
3051	14
50937	14
3061	14
50927	14
3071	14
50917	14
3081	14
50907	14
3091	14
50897	14
3101	14
50887	14
3111	14
50877	14
3121	14
50867	14
3131	14
50857	14
3141	14
50847	14
3151	14
50837	14
3161	14
50827	14
3171	14
50817	14
3181	14
50807	14
3191	14
50797	14
3201	14
50787	14
3211	14
50777	14
3221	14
50767	14
3231	14
50757	14
3241	14
50747	14
3251	14
50737	14
3261	14
50727	14
3271	14
50717	14
3281	14
50707	14
3291	14
50697	14
3301	14
50687	14
3311	14
50677	14
4088	14
50667	14
4098	14
50657	14
4108	14
50647	14
4118	14
50637	14
4128	14
50627	14
4138	14
50617	14
4148	14
50607	14
4158	14
50597	14
4168	14
50587	14
4178	14
50577	14
4188	14
50567	14
4198	14
50557	14
4208	14
50547	14
4218	14
50537	14
4228	14
50527	14
4238	14
50517	14
4248	14
50507	14
4258	14
50497	14
4268	14
50487	14
4278	14
50477	14
4288	14
50467	14
4298	14
50457	14
4308	14
50447	14
4318	14
50437	14
4328	14
50427	14
4338	14
50417	14
4348	14
50407	14
4358	14
50397	14
4368	14
50387	14
4378	14
50377	14
4388	14
50367	14
4398	14
50357	14
4408	14
50347	14
4418	14
50337	14
4428	14
50327	14
4438	14
50317	14
4448	14
50307	14
4458	14
50297	14
4468	14
50287	14
4478	14
50277	14
4488	14
50267	14
4498	14
50257	14
4508	14
50247	14
4518	14
50237	14
4528	14
50227	14
4538	14
50217	14
4548	14
50207	14
4558	14
50197	14
4568	14
50187	14
4578	14
50177	14
4588	14
50167	14
4598	14
50157	14
4608	14
50147	14
4618	14
50137	14
4628	14
50127	14
4638	14
50117	14
4648	14
50107	14
4658	14
50097	14
4668	14
50087	14
4678	14
50077	14
4688	14
50067	14
4698	14
50057	14
4708	14
50047	14
4718	14
50037	14
4728	14
50027	14
4738	14
50017	14
4748	14
50007	14
4758	14
49997	14
4768	14
49987	14
4778	14
49977	14
4788	14
49967	14
4798	14
49957	14
4808	14
49947	14
4818	14
49937	14
4828	14
49927	14
4838	14
49917	14
4848	14
49907	14
4858	14
49897	14
4868	14
49887	14
4878	14
49877	14
4888	14
49867	14
4898	14
49857	14
4908	14
49847	14
4918	14
49837	14
4928	14
49827	14
4938	14
49817	14
4948	14
49807	14
4958	14
49797	14
4968	14
49787	14
4978	14
49777	14
4988	14
49767	14
4998	14
49757	14
5008	14
49747	14
5018	14
49737	14
5028	14
49727	14
5038	14
49717	14
5048	14
49707	14
5058	14
49697	14
5068	14
49687	14
5078	14
49677	14
5088	14
49667	14
5098	14
49657	14
5108	14
49647	14
5118	14
49637	14
5128	14
49627	14
5138	14
49617	14
5148	14
49607	14
5158	14
49597	14
5168	14
49587	14
5178	14
49577	14
5188	14
49567	14
5198	14
49557	14
5208	14
49547	14
5218	14
49537	14
5228	14
49527	14
5238	14
49517	14
5248	14
49507	14
5258	14
49497	14
5268	14
49487	14
5278	14
49477	14
5288	14
49467	14
5298	14
49457	14
5308	14
49447	14
5318	14
49437	14
5328	14
49427	14
5338	14
49417	14
5348	14
49407	14
5358	14
49397	14
5368	14
49387	14
5378	14
49377	14
5388	14
49367	14
5398	14
49357	14
5408	14
49347	14
5418	14
49337	14
5428	14
49327	14
5438	14
49317	14
5448	14
49307	14
5458	14
49297	14
5468	14
49287	14
5478	14
49277	14
5488	14
49267	14
5498	14
49257	14
5508	14
49247	14
5518	14
49237	14
5528	14
49227	14
5538	14
49217	14
5548	14
49207	14
5558	14
49197	14
5568	14
49187	14
5578	14
49177	14
5588	14
49167	14
5598	14
49157	14
5608	14
49147	14
5618	14
49137	14
5628	14
49127	14
5638	14
49117	14
5648	14
49107	14
5658	14
49097	14
5668	14
49087	14
5678	14
49077	14
5688	14
49067	14
5698	14
49057	14
5708	14
49047	14
5718	14
49037	14
5728	14
49027	14
5738	14
49017	14
5748	14
49007	14
5758	14
48997	14
5768	14
48987	14
5778	14
48977	14
5788	14
48967	14
5798	14
48957	14
5808	14
48947	14
5818	14
48937	14
5828	14
48927	14
5838	14
48917	14
5848	14
48907	14
5858	14
48897	14
5868	14
48887	14
5878	14
48877	14
5888	14
48867	14
5898	14
48857	14
5908	14
48847	14
5918	14
48837	14
5928	14
48827	14
5938	14
48817	14
5948	14
48807	14
5958	14
48797	14
5968	14
48787	14
5978	14
48777	14
5988	14
48767	14
5998	14
48757	14
6008	14
48747	14
6018	14
48737	14
6028	14
48727	14
6038	14
48717	14
6048	14
48707	14
6058	14
48697	14
6068	14
48687	14
6078	14
48677	14
6088	14
48667	14
6098	14
48657	14
6108	14
48647	14
6118	14
48637	14
6128	14
48627	14
6138	14
48617	14
6148	14
48607	14
6158	14
48597	14
6168	14
48587	14
6178	14
48577	14
6188	14
48567	14
6198	14
48557	14
6208	14
48547	14
6218	14
48537	14
6228	14
48527	14
6238	14
48517	14
6248	14
48507	14
6258	14
48497	14
6268	14
48487	14
6278	14
48477	14
6288	14
48467	14
6298	14
48457	14
6308	14
48447	14
6318	14
48437	14
6328	14
48427	14
6338	14
48417	14
6348	14
48407	14
6358	14
48397	14
6368	14
48387	14
6378	14
48377	14
6388	14
48367	14
6398	14
48357	14
6408	14
48347	14
6418	14
48337	14
6428	14
48327	14
6438	14
48317	14
6448	14
48307	14
6458	14
48297	14
6468	14
48287	14
6478	14
48277	14
6488	14
48267	14
6498	14
48257	14
6508	14
48247	14
6518	14
48237	14
6528	14
48227	14
6538	14
48217	14
6548	14
48207	14
6558	14
48197	14
6568	14
48187	14
6578	14
48177	14
6588	14
48167	14
6598	14
48157	14
6608	14
48147	14
6618	14
48137	14
6628	14
48127	14
6638	14
48117	14
8183	14
48107	14
8193	14
48097	14
8203	14
48087	14
8213	14
48077	14
8223	14
48067	14
8233	14
48057	14
8243	14
48047	14
8253	14
48037	14
8263	14
48027	14
8273	14
48017	14
8283	14
48007	14
8293	14
47997	14
8303	14
47987	14
8313	14
47977	14
8323	14
47967	14
8333	14
47957	14
8343	14
47947	14
8353	14
47937	14
8363	14
47927	14
8373	14
47917	14
8383	14
47907	14
8393	14
47897	14
8403	14
47887	14
8413	14
47877	14
8423	14
47867	14
8433	14
47857	14
8443	14
47847	14
8453	14
47837	14
8463	14
47827	14
8473	14
47817	14
8483	14
47807	14
8493	14
47797	14
8503	14
47787	14
8513	14
47777	14
8523	14
47767	14
8533	14
47757	14
8543	14
47747	14
8553	14
47737	14
8563	14
47727	14
8573	14
47717	14
8583	14
47707	14
8593	14
47697	14
8603	14
47687	14
8613	14
47677	14
8623	14
47667	14
8633	14
47657	14
8643	14
47647	14
8653	14
47637	14
8663	14
47627	14
8673	14
47617	14
8683	14
47607	14
8693	14
47597	14
8703	14
47587	14
8713	14
47577	14
8723	14
47567	14
8733	14
47557	14
8743	14
47547	14
8753	14
47537	14
8763	14
47527	14
8773	14
47517	14
8783	14
47507	14
8793	14
47497	14
8803	14
47487	14
8813	14
47477	14
8823	14
47467	14
8833	14
47457	14
8843	14
47447	14
8853	14
47437	14
8863	14
47427	14
8873	14
47417	14
8883	14
47407	14
8893	14
47397	14
8903	14
47387	14
8913	14
47377	14
8923	14
47367	14
8933	14
47357	14
8943	14
47347	14
8953	14
47337	14
8963	14
47327	14
8973	14
47317	14
8983	14
47307	14
8993	14
47297	14
9003	14
47287	14
9013	14
47277	14
9023	14
47267	14
9033	14
47257	14
9043	14
47247	14
9053	14
47237	14
9063	14
47227	14
9073	14
47217	14
9083	14
47207	14
9093	14
47197	14
9103	14
47187	14
9113	14
47177	14
9123	14
47167	14
9133	14
47157	14
9143	14
47147	14
9153	14
47137	14
9163	14
47127	14
9173	14
47117	14
9183	14
47107	14
9193	14
47097	14
9203	14
47087	14
9213	14
47077	14
9223	14
47067	14
9233	14
47057	14
9243	14
47047	14
9253	14
47037	14
9263	14
47027	14
9273	14
47017	14
9283	14
47007	14
9293	14
46997	14
9303	14
46987	14
9313	14
46977	14
9323	14
46967	14
9333	14
46957	14
9343	14
46947	14
9353	14
46937	14
9363	14
46927	14
9373	14
46917	14
9383	14
46907	14
9393	14
46897	14
9403	14
46887	14
9413	14
46877	14
9423	14
46867	14
9433	14
46857	14
9443	14
46847	14
9453	14
46837	14
9463	14
46827	14
9473	14
46817	14
9483	14
46807	14
9493	14
46797	14
9503	14
46787	14
9513	14
46777	14
9523	14
46767	14
9533	14
46757	14
9543	14
46747	14
9553	14
46737	14
9563	14
46727	14
9573	14
46717	14
9583	14
46707	14
9593	14
46697	14
9603	14
46687	14
9613	14
46677	14
9623	14
46667	14
9633	14
46657	14
9643	14
46647	14
9653	14
46637	14
9663	14
46627	14
9673	14
46617	14
9683	14
46607	14
9693	14
46597	14
9703	14
46587	14
9713	14
46577	14
9723	14
46567	14
9733	14
46557	14
9743	14
46547	14
9753	14
46537	14
9763	14
46527	14
9773	14
46517	14
9783	14
46507	14
9793	14
46497	14
9803	14
46487	14
9813	14
46477	14
9823	14
46467	14
9833	14
46457	14
9843	14
46447	14
9853	14
46437	14
9863	14
46427	14
9873	14
46417	14
9883	14
46407	14
9893	14
46397	14
9903	14
46387	14
9913	14
46377	14
9923	14
46367	14
9933	14
46357	14
9943	14
46347	14
9953	14
46337	14
9963	14
46327	14
9973	14
46317	14
9983	14
46307	14
9993	14
46297	14
10003	14
46287	14
10013	14
46277	14
10023	14
46267	14
10033	14
46257	14
10043	14
46247	14
10053	14
46237	14
10063	14
46227	14
10073	14
46217	14
10083	14
46207	14
10093	14
46197	14
10103	14
46187	14
10113	14
46177	14
10123	14
46167	14
10133	14
46157	14
10143	14
46147	14
10153	14
46137	14
10163	14
46127	14
10173	14
46117	14
10183	14
46107	14
10193	14
46097	14
10203	14
46087	14
10213	14
46077	14
10223	14
46067	14
10233	14
46057	14
10243	14
46047	14
10253	14
46037	14
10263	14
46027	14
10273	14
46017	14
10283	14
46007	14
10293	14
45997	14
10303	14
45987	14
10313	14
45977	14
10323	14
45967	14
10333	14
45957	14
10343	14
45947	14
10353	14
45937	14
10363	14
45927	14
10373	14
45917	14
10383	14
45907	14
10393	14
45897	14
10403	14
45887	14
10413	14
45877	14
10423	14
45867	14
10433	14
45857	14
10443	14
45847	14
10453	14
45837	14
10463	14
45827	14
10473	14
45817	14
10483	14
45807	14
10493	14
45797	14
10503	14
45787	14
10513	14
45777	14
10523	14
45767	14
10533	14
45757	14
10543	14
45747	14
10553	14
45737	14
10563	14
45727	14
10573	14
45717	14
10583	14
45707	14
10593	14
45697	14
10603	14
45687	14
10613	14
45677	14
10623	14
45667	14
10633	14
45657	14
10643	14
45647	14
10653	14
45637	14
10663	14
45627	14
10673	14
45617	14
10683	14
45607	14
10693	14
45597	14
10703	14
45587	14
10713	14
45577	14
10723	14
45567	14
10733	14
45557	14
10743	14
45547	14
10753	14
45537	14
10763	14
45527	14
10773	14
45517	14
10783	14
45507	14
10793	14
45497	14
10803	14
45487	14
10813	14
45477	14
10823	14
45467	14
10833	14
45457	14
10843	14
45447	14
10853	14
45437	14
10863	14
45427	14
10873	14
45417	14
10883	14
45407	14
10893	14
45397	14
10903	14
45387	14
10913	14
45377	14
10923	14
45367	14
10933	14
45357	14
10943	14
45347	14
10953	14
45337	14
10963	14
45327	14
10973	14
45317	14
10983	14
45307	14
10993	14
45297	14
11003	14
45287	14
11013	14
45277	14
11023	14
45267	14
11033	14
45257	14
11043	14
45247	14
11053	14
45237	14
11063	14
45227	14
11073	14
45217	14
11083	14
45207	14
11093	14
45197	14
11103	14
45187	14
11113	14
45177	14
11123	14
45167	14
11133	14
45157	14
11143	14
45147	14
11153	14
45137	14
11163	14
45127	14
11173	14
45117	14
11183	14
45107	14
11193	14
45097	14
11203	14
45087	14
11213	14
45077	14
11223	14
45067	14
11233	14
45057	14
11243	14
45047	14
11253	14
45037	14
11263	14
45027	14
11273	14
45017	14
11283	14
45007	14
11293	14
44997	14
11303	14
44987	14
11313	14
44977	14
11323	14
44967	14
11333	14
44957	14
11343	14
44947	14
11353	14
44937	14
11363	14
44927	14
11373	14
44917	14
11383	14
44907	14
11393	14
44897	14
11403	14
44887	14
11413	14
44877	14
11423	14
44867	14
11433	14
44857	14
11443	14
44847	14
11453	14
44837	14
11463	14
44827	14
11473	14
44817	14
11483	14
44807	14
11493	14
44797	14
11503	14
44787	14
11513	14
44777	14
11523	14
44767	14
11533	14
44757	14
11543	14
44747	14
11553	14
44737	14
11563	14
44727	14
11573	14
44717	14
11583	14
44707	14
11593	14
44697	14
11603	14
44687	14
11613	14
44677	14
11623	14
44667	14
11633	14
44657	14
11643	14
44647	14
11653	14
44637	14
11663	14
44627	14
11673	14
44617	14
11683	14
44607	14
11693	14
44597	14
11703	14
44587	14
11713	14
44577	14
11723	14
44567	14
11733	14
44557	14
11743	14
44547	14
11753	14
44537	14
11763	14
44527	14
11773	14
44517	14
11783	14
44507	14
11793	14
44497	14
11803	14
44487	14
11813	14
44477	14
11823	14
44467	14
11833	14
44457	14
11843	14
44447	14
11853	14
44437	14
11863	14
44427	14
11873	14
44417	14
11883	14
44407	14
11893	14
44397	14
11903	14
44387	14
11913	14
44377	14
11923	14
44367	14
11933	14
44357	14
11943	14
44347	14
11953	14
44337	14
11963	14
44327	14
11973	14
44317	14
11983	14
44307	14
11993	14
44297	14
12003	14
44287	14
12013	14
44277	14
12023	14
44267	14
12033	14
44257	14
12043	14
44247	14
12053	14
44237	14
12063	14
44227	14
12073	14
44217	14
12083	14
44207	14
12093	14
44197	14
12103	14
44187	14
12113	14
44177	14
12123	14
44167	14
12133	14
44157	14
12143	14
44147	14
12153	14
44137	14
12163	14
44127	14
12173	14
44117	14
12183	14
44107	14
12193	14
44097	14
12203	14
44087	14
12213	14
44077	14
12223	14
44067	14
12233	14
44057	14
12243	14
44047	14
12253	14
44037	14
12263	14
44027	14
12273	14
44017	14
12283	14
44007	14
12293	14
43997	14
12303	14
43987	14
12313	14
43977	14
12323	14
43967	14
12333	14
43957	14
12343	14
43947	14
12353	14
43937	14
12363	14
43927	14
12373	14
43917	14
12383	14
43907	14
12393	14
43897	14
12403	14
43887	14
12413	14
43877	14
12423	14
43867	14
12433	14
43857	14
12443	14
43847	14
12453	14
43837	14
12463	14
43827	14
12473	14
43817	14
12483	14
43807	14
12493	14
43797	14
12503	14
43787	14
12513	14
43777	14
12523	14
43767	14
12533	14
43757	14
12543	14
43747	14
12553	14
43737	14
12563	14
43727	14
12573	14
43717	14
12583	14
43707	14
12593	14
43697	14
12603	14
43687	14
12613	14
43677	14
12623	14
43667	14
12633	14
43657	14
12643	14
43647	14
12653	14
43637	14
12663	14
43627	14
12673	14
43617	14
12683	14
43607	14
12693	14
43597	14
12703	14
43587	14
12713	14
43577	14
12723	14
43567	14
12733	14
43557	14
12743	14
43547	14
12753	14
43537	14
12763	14
43527	14
12773	14
43517	14
12783	14
43507	14
12793	14
43497	14
12803	14
43487	14
12813	14
43477	14
12823	14
43467	14
12833	14
43457	14
12843	14
43447	14
12853	14
43437	14
12863	14
43427	14
12873	14
43417	14
12883	14
43407	14
12893	14
43397	14
12903	14
43387	14
12913	14
43377	14
12923	14
43367	14
12933	14
43357	14
12943	14
43347	14
12953	14
43337	14
12963	14
43327	14
12973	14
43317	14
12983	14
43307	14
12993	14
43297	14
13003	14
43287	14
13013	14
43277	14
13023	14
43267	14
13033	14
43257	14
13043	14
43247	14
13053	14
43237	14
13063	14
43227	14
13073	14
43217	14
13083	14
43207	14
13093	14
43197	14
13103	14
43187	14
13113	14
43177	14
13123	14
43167	14
13133	14
43157	14
13143	14
43147	14
13153	14
43137	14
13163	14
43127	14
13173	14
43117	14
13183	14
43107	14
13193	14
43097	14
13203	14
43087	14
13213	14
43077	14
13223	14
43067	14
13233	14
43057	14
13243	14
43047	14
13253	14
43037	14
13263	14
43027	14
13273	14
43017	14
13283	14
43007	14
13293	14
42997	14
16374	14
42987	14
16384	14
42977	14
16394	14
42967	14
16404	14
42957	14
16414	14
42947	14
16424	14
42937	14
16434	14
42927	14
16444	14
42917	14
16454	14
42907	14
16464	14
42897	14
16474	14
42887	14
16484	14
42877	14
16494	14
42867	14
16504	14
42857	14
16514	14
42847	14
16524	14
42837	14
16534	14
42827	14
16544	14
42817	14
16554	14
42807	14
16564	14
42797	14
16574	14
42787	14
16584	14
42777	14
16594	14
42767	14
16604	14
42757	14
16614	14
42747	14
16624	14
42737	14
16634	14
42727	14
16644	14
42717	14
16654	14
42707	14
16664	14
42697	14
16674	14
42687	14
16684	14
42677	14
16694	14
42667	14
16704	14
42657	14
16714	14
42647	14
16724	14
42637	14
16734	14
42627	14
16744	14
42617	14
16754	14
42607	14
16764	14
42597	14
16774	14
42587	14
16784	14
42577	14
16794	14
42567	14
16804	14
42557	14
16814	14
42547	14
16824	14
42537	14
16834	14
42527	14
16844	14
42517	14
16854	14
42507	14
16864	14
42497	14
16874	14
42487	14
16884	14
42477	14
16894	14
42467	14
16904	14
42457	14
16914	14
42447	14
16924	14
42437	14
16934	14
42427	14
16944	14
42417	14
16954	14
42407	14
16964	14
42397	14
16974	14
42387	14
16984	14
42377	14
16994	14
42367	14
17004	14
42357	14
17014	14
42347	14
17024	14
42337	14
17034	14
42327	14
17044	14
42317	14
17054	14
42307	14
17064	14
42297	14
17074	14
42287	14
17084	14
42277	14
17094	14
42267	14
17104	14
42257	14
17114	14
42247	14
17124	14
42237	14
17134	14
42227	14
17144	14
42217	14
17154	14
42207	14
17164	14
42197	14
17174	14
42187	14
17184	14
42177	14
17194	14
42167	14
17204	14
42157	14
17214	14
42147	14
17224	14
42137	14
17234	14
42127	14
17244	14
42117	14
17254	14
42107	14
17264	14
42097	14
17274	14
42087	14
17284	14
42077	14
17294	14
42067	14
17304	14
42057	14
17314	14
42047	14
17324	14
42037	14
17334	14
42027	14
17344	14
42017	14
17354	14
42007	14
17364	14
41997	14
17374	14
41987	14
17384	14
41977	14
17394	14
41967	14
17404	14
41957	14
17414	14
41947	14
17424	14
41937	14
17434	14
41927	14
17444	14
41917	14
17454	14
41907	14
17464	14
41897	14
17474	14
41887	14
17484	14
41877	14
17494	14
41867	14
17504	14
41857	14
17514	14
41847	14
17524	14
41837	14
17534	14
41827	14
17544	14
41817	14
17554	14
41807	14
17564	14
41797	14
17574	14
41787	14
17584	14
41777	14
17594	14
41767	14
17604	14
41757	14
17614	14
41747	14
17624	14
41737	14
17634	14
41727	14
17644	14
41717	14
17654	14
41707	14
17664	14
41697	14
17674	14
41687	14
17684	14
41677	14
17694	14
41667	14
17704	14
41657	14
17714	14
41647	14
17724	14
41637	14
17734	14
41627	14
17744	14
41617	14
17754	14
41607	14
17764	14
41597	14
17774	14
41587	14
17784	14
41577	14
17794	14
41567	14
17804	14
41557	14
17814	14
41547	14
17824	14
41537	14
17834	14
41527	14
17844	14
41517	14
17854	14
41507	14
17864	14
41497	14
17874	14
41487	14
17884	14
41477	14
17894	14
41467	14
17904	14
41457	14
17914	14
41447	14
17924	14
41437	14
17934	14
41427	14
17944	14
41417	14
17954	14
41407	14
17964	14
41397	14
17974	14
41387	14
17984	14
41377	14
17994	14
41367	14
18004	14
41357	14
18014	14
41347	14
18024	14
41337	14
18034	14
41327	14
18044	14
41317	14
18054	14
41307	14
18064	14
41297	14
18074	14
41287	14
18084	14
41277	14
18094	14
41267	14
18104	14
41257	14
18114	14
41247	14
18124	14
41237	14
18134	14
41227	14
18144	14
41217	14
18154	14
41207	14
18164	14
41197	14
18174	14
41187	14
18184	14
41177	14
18194	14
41167	14
18204	14
41157	14
18214	14
41147	14
18224	14
41137	14
18234	14
41127	14
18244	14
41117	14
18254	14
41107	14
18264	14
41097	14
18274	14
41087	14
18284	14
41077	14
18294	14
41067	14
18304	14
41057	14
18314	14
41047	14
18324	14
41037	14
18334	14
41027	14
18344	14
41017	14
18354	14
41007	14
18364	14
40997	14
18374	14
40987	14
18384	14
40977	14
18394	14
40967	14
18404	14
40957	14
18414	14
40947	14
18424	14
40937	14
18434	14
40927	14
18444	14
40917	14
18454	14
40907	14
18464	14
40897	14
18474	14
40887	14
18484	14
40877	14
18494	14
40867	14
18504	14
40857	14
18514	14
40847	14
18524	14
40837	14
18534	14
40827	14
18544	14
40817	14
18554	14
40807	14
18564	14
40797	14
18574	14
40787	14
18584	14
40777	14
18594	14
40767	14
18604	14
40757	14
18614	14
40747	14
18624	14
40737	14
18634	14
40727	14
18644	14
40717	14
18654	14
40707	14
18664	14
40697	14
18674	14
40687	14
18684	14
40677	14
18694	14
40667	14
18704	14
40657	14
18714	14
40647	14
18724	14
40637	14
18734	14
40627	14
18744	14
40617	14
18754	14
40607	14
18764	14
40597	14
18774	14
40587	14
18784	14
40577	14
18794	14
40567	14
18804	14
40557	14
18814	14
40547	14
18824	14
40537	14
18834	14
40527	14
18844	14
40517	14
18854	14
40507	14
18864	14
40497	14
18874	14
40487	14
18884	14
40477	14
18894	14
40467	14
18904	14
40457	14
18914	14
40447	14
18924	14
40437	14
18934	14
40427	14
18944	14
40417	14
18954	14
40407	14
18964	14
40397	14
18974	14
40387	14
18984	14
40377	14
18994	14
40367	14
19004	14
40357	14
19014	14
40347	14
19024	14
40337	14
19034	14
40327	14
19044	14
40317	14
19054	14
40307	14
19064	14
40297	14
19074	14
40287	14
19084	14
40277	14
19094	14
40267	14
19104	14
40257	14
19114	14
40247	14
19124	14
40237	14
19134	14
40227	14
19144	14
40217	14
19154	14
40207	14
19164	14
40197	14
19174	14
40187	14
19184	14
40177	14
19194	14
40167	14
19204	14
40157	14
19214	14
40147	14
19224	14
40137	14
19234	14
40127	14
19244	14
40117	14
19254	14
40107	14
19264	14
40097	14
19274	14
40087	14
19284	14
40077	14
19294	14
40067	14
19304	14
40057	14
19314	14
40047	14
19324	14
40037	14
19334	14
40027	14
19344	14
40017	14
19354	14
40007	14
19364	14
39997	14
19374	14
39987	14
19384	14
39977	14
19394	14
39967	14
19404	14
39957	14
19414	14
39947	14
19424	14
39937	14
19434	14
39927	14
19444	14
39917	14
19454	14
39907	14
19464	14
39897	14
19474	14
39887	14
19484	14
39877	14
19494	14
39867	14
19504	14
39857	14
19514	14
39847	14
19524	14
39837	14
19534	14
39827	14
19544	14
39817	14
19554	14
39807	14
19564	14
39797	14
19574	14
39787	14
19584	14
39777	14
19594	14
39767	14
19604	14
39757	14
19614	14
39747	14
19624	14
39737	14
19634	14
39727	14
19644	14
39717	14
19654	14
39707	14
19664	14
39697	14
19674	14
39687	14
19684	14
39677	14
19694	14
39667	14
19704	14
39657	14
19714	14
39647	14
19724	14
39637	14
19734	14
39627	14
19744	14
39617	14
19754	14
39607	14
19764	14
39597	14
19774	14
39587	14
19784	14
39577	14
19794	14
39567	14
19804	14
39557	14
19814	14
39547	14
19824	14
39537	14
19834	14
39527	14
19844	14
39517	14
19854	14
39507	14
19864	14
39497	14
19874	14
39487	14
19884	14
39477	14
19894	14
39467	14
19904	14
39457	14
19914	14
39447	14
19924	14
39437	14
19934	14
39427	14
19944	14
39417	14
19954	14
39407	14
19964	14
39397	14
19974	14
39387	14
19984	14
39377	14
19994	14
39367	14
20004	14
39357	14
20014	14
39347	14
20024	14
39337	14
20034	14
39327	14
20044	14
39317	14
20054	14
39307	14
20064	14
39297	14
20074	14
39287	14
20084	14
39277	14
20094	14
39267	14
20104	14
39257	14
20114	14
39247	14
20124	14
39237	14
20134	14
39227	14
20144	14
39217	14
20154	14
39207	14
20164	14
39197	14
20174	14
39187	14
20184	14
39177	14
20194	14
39167	14
20204	14
39157	14
20214	14
39147	14
20224	14
39137	14
20234	14
39127	14
20244	14
39117	14
20254	14
39107	14
20264	14
39097	14
20274	14
39087	14
20284	14
39077	14
20294	14
39067	14
20304	14
39057	14
20314	14
39047	14
20324	14
39037	14
20334	14
39027	14
20344	14
39017	14
20354	14
39007	14
20364	14
38997	14
20374	14
38987	14
20384	14
38977	14
20394	14
38967	14
20404	14
38957	14
20414	14
38947	14
20424	14
38937	14
20434	14
38927	14
20444	14
38917	14
20454	14
38907	14
20464	14
38897	14
20474	14
38887	14
20484	14
38877	14
20494	14
38867	14
20504	14
38857	14
20514	14
38847	14
20524	14
38837	14
20534	14
38827	14
20544	14
38817	14
20554	14
38807	14
20564	14
38797	14
20574	14
38787	14
20584	14
38777	14
20594	14
38767	14
20604	14
38757	14
20614	14
38747	14
20624	14
38737	14
20634	14
38727	14
20644	14
38717	14
20654	14
38707	14
20664	14
38697	14
20674	14
38687	14
20684	14
38677	14
20694	14
38667	14
20704	14
38657	14
20714	14
38647	14
20724	14
38637	14
20734	14
38627	14
20744	14
38617	14
20754	14
38607	14
20764	14
38597	14
20774	14
38587	14
20784	14
38577	14
20794	14
38567	14
20804	14
38557	14
20814	14
38547	14
20824	14
38537	14
20834	14
38527	14
20844	14
38517	14
20854	14
38507	14
20864	14
38497	14
20874	14
38487	14
20884	14
38477	14
20894	14
38467	14
20904	14
38457	14
20914	14
38447	14
20924	14
38437	14
20934	14
38427	14
20944	14
38417	14
20954	14
38407	14
20964	14
38397	14
20974	14
38387	14
20984	14
38377	14
20994	14
38367	14
21004	14
38357	14
21014	14
38347	14
21024	14
38337	14
21034	14
38327	14
21044	14
38317	14
21054	14
38307	14
21064	14
38297	14
21074	14
38287	14
21084	14
38277	14
21094	14
38267	14
21104	14
38257	14
21114	14
38247	14
21124	14
38237	14
21134	14
38227	14
21144	14
38217	14
21154	14
38207	14
21164	14
38197	14
21174	14
38187	14
21184	14
38177	14
21194	14
38167	14
21204	14
38157	14
21214	14
38147	14
21224	14
38137	14
21234	14
38127	14
21244	14
38117	14
21254	14
38107	14
21264	14
38097	14
21274	14
38087	14
21284	14
38077	14
21294	14
38067	14
21304	14
38057	14
21314	14
38047	14
21324	14
38037	14
21334	14
38027	14
21344	14
38017	14
21354	14
38007	14
21364	14
37997	14
21374	14
37987	14
21384	14
37977	14
21394	14
37967	14
21404	14
37957	14
21414	14
37947	14
21424	14
37937	14
21434	14
37927	14
21444	14
37917	14
21454	14
37907	14
21464	14
37897	14
21474	14
37887	14
21484	14
37877	14
21494	14
37867	14
21504	14
37857	14
21514	14
37847	14
21524	14
37837	14
21534	14
37827	14
21544	14
37817	14
21554	14
37807	14
21564	14
37797	14
21574	14
37787	14
21584	14
37777	14
21594	14
37767	14
21604	14
37757	14
21614	14
37747	14
21624	14
37737	14
21634	14
37727	14
21644	14
37717	14
21654	14
37707	14
21664	14
37697	14
21674	14
37687	14
21684	14
37677	14
21694	14
37667	14
21704	14
37657	14
21714	14
37647	14
21724	14
37637	14
21734	14
37627	14
21744	14
37617	14
21754	14
37607	14
21764	14
37597	14
21774	14
37587	14
21784	14
37577	14
21794	14
37567	14
21804	14
37557	14
21814	14
37547	14
21824	14
37537	14
21834	14
37527	14
21844	14
37517	14
21854	14
37507	14
21864	14
37497	14
21874	14
37487	14
21884	14
37477	14
21894	14
37467	14
21904	14
37457	14
21914	14
37447	14
21924	14
37437	14
21934	14
37427	14
21944	14
37417	14
21954	14
37407	14
21964	14
37397	14
21974	14
37387	14
21984	14
37377	14
21994	14
37367	14
22004	14
37357	14
22014	14
37347	14
22024	14
37337	14
22034	14
37327	14
22044	14
37317	14
22054	14
37307	14
22064	14
37297	14
22074	14
37287	14
22084	14
37277	14
22094	14
37267	14
22104	14
37257	14
22114	14
37247	14
22124	14
37237	14
22134	14
37227	14
22144	14
37217	14
22154	14
37207	14
22164	14
37197	14
22174	14
37187	14
22184	14
37177	14
22194	14
37167	14
22204	14
37157	14
22214	14
37147	14
22224	14
37137	14
22234	14
37127	14
22244	14
37117	14
22254	14
37107	14
22264	14
37097	14
22274	14
37087	14
22284	14
37077	14
22294	14
37067	14
22304	14
37057	14
22314	14
37047	14
22324	14
37037	14
22334	14
37027	14
22344	14
37017	14
22354	14
37007	14
22364	14
36997	14
22374	14
36987	14
22384	14
36977	14
22394	14
36967	14
22404	14
36957	14
22414	14
36947	14
22424	14
36937	14
22434	14
36927	14
22444	14
36917	14
22454	14
36907	14
22464	14
36897	14
22474	14
36887	14
22484	14
36877	14
22494	14
36867	14
22504	14
36857	14
22514	14
36847	14
22524	14
36837	14
22534	14
36827	14
22544	14
36817	14
22554	14
36807	14
22564	14
36797	14
22574	14
36787	14
22584	14
36777	14
22594	14
36767	14
22604	14
36757	14
22614	14
36747	14
22624	14
36737	14
22634	14
36727	14
22644	14
36717	14
22654	14
36707	14
22664	14
36697	14
22674	14
36687	14
22684	14
36677	14
22694	14
36667	14
22704	14
36657	14
22714	14
36647	14
22724	14
36637	14
22734	14
36627	14
22744	14
36617	14
22754	14
36607	14
22764	14
36597	14
22774	14
36587	14
22784	14
36577	14
22794	14
36567	14
22804	14
36557	14
22814	14
36547	14
22824	14
36537	14
22834	14
36527	14
22844	14
36517	14
22854	14
36507	14
22864	14
36497	14
22874	14
36487	14
22884	14
36477	14
22894	14
36467	14
22904	14
36457	14
22914	14
36447	14
22924	14
36437	14
22934	14
36427	14
22944	14
36417	14
22954	14
36407	14
22964	14
36397	14
22974	14
36387	14
22984	14
36377	14
22994	14
36367	14
23004	14
36357	14
23014	14
36347	14
23024	14
36337	14
23034	14
36327	14
23044	14
36317	14
23054	14
36307	14
23064	14
36297	14
23074	14
36287	14
23084	14
36277	14
23094	14
36267	14
23104	14
36257	14
23114	14
36247	14
23124	14
36237	14
23134	14
36227	14
23144	14
36217	14
23154	14
36207	14
23164	14
36197	14
23174	14
36187	14
23184	14
36177	14
23194	14
36167	14
23204	14
36157	14
23214	14
36147	14
23224	14
36137	14
23234	14
36127	14
23244	14
36117	14
23254	14
36107	14
23264	14
36097	14
23274	14
36087	14
23284	14
36077	14
23294	14
36067	14
23304	14
36057	14
23314	14
36047	14
23324	14
36037	14
23334	14
36027	14
23344	14
36017	14
23354	14
36007	14
23364	14
35997	14
23374	14
35987	14
23384	14
35977	14
23394	14
35967	14
23404	14
35957	14
23414	14
35947	14
23424	14
35937	14
23434	14
35927	14
23444	14
35917	14
23454	14
35907	14
23464	14
35897	14
23474	14
35887	14
23484	14
35877	14
23494	14
35867	14
23504	14
35857	14
23514	14
35847	14
23524	14
35837	14
23534	14
35827	14
23544	14
35817	14
23554	14
35807	14
23564	14
35797	14
23574	14
35787	14
23584	14
35777	14
23594	14
35767	14
23604	14
35757	14
23614	14
35747	14
23624	14
35737	14
23634	14
35727	14
23644	14
35717	14
23654	14
35707	14
23664	14
35697	14
23674	14
35687	14
23684	14
35677	14
23694	14
35667	14
23704	14
35657	14
23714	14
35647	14
23724	14
35637	14
23734	14
35627	14
23744	14
35617	14
23754	14
35607	14
23764	14
35597	14
23774	14
35587	14
23784	14
35577	14
23794	14
35567	14
23804	14
35557	14
23814	14
35547	14
23824	14
35537	14
23834	14
35527	14
23844	14
35517	14
23854	14
35507	14
23864	14
35497	14
23874	14
35487	14
23884	14
35477	14
23894	14
35467	14
23904	14
35457	14
23914	14
35447	14
23924	14
35437	14
23934	14
35427	14
23944	14
35417	14
23954	14
35407	14
23964	14
35397	14
23974	14
35387	14
23984	14
35377	14
23994	14
35367	14
24004	14
35357	14
24014	14
35347	14
24024	14
35337	14
24034	14
35327	14
24044	14
35317	14
24054	14
35307	14
24064	14
35297	14
24074	14
35287	14
24084	14
35277	14
24094	14
35267	14
24104	14
35257	14
24114	14
35247	14
24124	14
35237	14
24134	14
35227	14
24144	14
35217	14
24154	14
35207	14
24164	14
35197	14
24174	14
35187	14
24184	14
35177	14
24194	14
35167	14
24204	14
35157	14
24214	14
35147	14
24224	14
35137	14
24234	14
35127	14
24244	14
35117	14
24254	14
35107	14
24264	14
35097	14
24274	14
35087	14
24284	14
35077	14
24294	14
35067	14
24304	14
35057	14
24314	14
35047	14
24324	14
35037	14
24334	14
35027	14
24344	14
35017	14
24354	14
35007	14
24364	14
34997	14
24374	14
34987	14
24384	14
34977	14
24394	14
34967	14
24404	14
34957	14
24414	14
34947	14
24424	14
34937	14
24434	14
34927	14
24444	14
34917	14
24454	14
34907	14
24464	14
34897	14
24474	14
34887	14
24484	14
34877	14
24494	14
34867	14
24504	14
34857	14
24514	14
34847	14
24524	14
34837	14
24534	14
34827	14
24544	14
34817	14
24554	14
34807	14
24564	14
34797	14
24574	14
34787	14
24584	14
34777	14
24594	14
34767	14
24604	14
34757	14
24614	14
34747	14
24624	14
34737	14
24634	14
34727	14
24644	14
34717	14
24654	14
34707	14
24664	14
34697	14
24674	14
34687	14
24684	14
34677	14
24694	14
34667	14
24704	14
34657	14
24714	14
34647	14
24724	14
34637	14
24734	14
34627	14
24744	14
34617	14
24754	14
34607	14
24764	14
34597	14
24774	14
34587	14
24784	14
34577	14
24794	14
34567	14
24804	14
34557	14
24814	14
34547	14
24824	14
34537	14
24834	14
34527	14
24844	14
34517	14
24854	14
34507	14
24864	14
34497	14
24874	14
34487	14
24884	14
34477	14
24894	14
34467	14
24904	14
34457	14
24914	14
34447	14
24924	14
34437	14
24934	14
34427	14
24944	14
34417	14
24954	14
34407	14
24964	14
34397	14
24974	14
34387	14
24984	14
34377	14
24994	14
34367	14
25004	14
34357	14
25014	14
34347	14
25024	14
34337	14
25034	14
34327	14
25044	14
34317	14
25054	14
34307	14
25064	14
34297	14
25074	14
34287	14
25084	14
34277	14
25094	14
34267	14
25104	14
34257	14
25114	14
34247	14
25124	14
34237	14
25134	14
34227	14
25144	14
34217	14
25154	14
34207	14
25164	14
34197	14
25174	14
34187	14
25184	14
34177	14
25194	14
34167	14
25204	14
34157	14
25214	14
34147	14
25224	14
34137	14
25234	14
34127	14
25244	14
34117	14
25254	14
34107	14
25264	14
34097	14
25274	14
34087	14
25284	14
34077	14
25294	14
34067	14
25304	14
34057	14
25314	14
34047	14
25324	14
34037	14
25334	14
34027	14
25344	14
34017	14
25354	14
34007	14
25364	14
33997	14
25374	14
33987	14
25384	14
33977	14
25394	14
33967	14
25404	14
33957	14
25414	14
33947	14
25424	14
33937	14
25434	14
33927	14
25444	14
33917	14
25454	14
33907	14
25464	14
33897	14
25474	14
33887	14
25484	14
33877	14
25494	14
33867	14
25504	14
33857	14
25514	14
33847	14
25524	14
33837	14
25534	14
33827	14
25544	14
33817	14
25554	14
33807	14
25564	14
33797	14
25574	14
33787	14
25584	14
33777	14
25594	14
33767	14
25604	14
33757	14
25614	14
33747	14
25624	14
33737	14
25634	14
33727	14
25644	14
33717	14
25654	14
33707	14
25664	14
33697	14
25674	14
33687	14
25684	14
33677	14
25694	14
33667	14
25704	14
33657	14
25714	14
33647	14
25724	14
33637	14
25734	14
33627	14
25744	14
33617	14
25754	14
33607	14
25764	14
33597	14
25774	14
33587	14
25784	14
33577	14
25794	14
33567	14
25804	14
33557	14
25814	14
33547	14
25824	14
33537	14
25834	14
33527	14
25844	14
33517	14
25854	14
33507	14
25864	14
33497	14
25874	14
33487	14
25884	14
33477	14
25894	14
33467	14
25904	14
33457	14
25914	14
33447	14
25924	14
33437	14
25934	14
33427	14
25944	14
33417	14
25954	14
33407	14
25964	14
33397	14
25974	14
33387	14
25984	14
33377	14
25994	14
33367	14
26004	14
33357	14
26014	14
33347	14
26024	14
33337	14
26034	14
33327	14
26044	14
33317	14
26054	14
33307	14
26064	14
33297	14
26074	14
33287	14
26084	14
33277	14
26094	14
33267	14
26104	14
33257	14
26114	14
33247	14
26124	14
33237	14
SELECT id,c3 FROM t2 WHERE c2 BETWEEN 10 AND 12 ORDER BY c3 LIMIT 20;
6	14
16	14
31	14
41	14
62	14
72	14
82	14
92	14
125	14
135	14
145	14
155	14
165	14
175	14
185	14
195	14
252	14
262	14
272	14
282	14
SELECT id,c3 FROM t2 WHERE c2 BETWEEN 20 AND 30 ORDER BY c3 LIMIT 4000;
1100	11
1200	11
1300	11
1400	11
1500	11
1600	11
4100	11
4200	11
4300	11
4400	11
4500	11
4600	11
4700	11
4800	11
4900	11
5000	11
5100	11
5200	11
5300	11
5400	11
5500	11
5600	11
5700	11
5800	11
5900	11
6000	11
6100	11
6200	11
6300	11
6400	11
6500	11
6600	11
600	15
700	15
800	15
32800	15
32900	15
33000	15
33100	15
33200	15
33300	15
33400	15
33500	15
33600	15
33700	15
33800	15
33900	15
34000	15
34100	15
34200	15
34300	15
34400	15
34500	15
34600	15
34700	15
34800	15
34900	15
35000	15
35100	15
35200	15
35300	15
35400	15
35500	15
35600	15
35700	15
35800	15
35900	15
36000	15
36100	15
36200	15
36300	15
36400	15
36500	15
36600	15
36700	15
36800	15
36900	15
37000	15
37100	15
37200	15
37300	15
37400	15
37500	15
37600	15
37700	15
37800	15
37900	15
38000	15
38100	15
38200	15
38300	15
38400	15
38500	15
38600	15
38700	15
38800	15
38900	15
39000	15
39100	15
39200	15
39300	15
39400	15
39500	15
39600	15
39700	15
39800	15
39900	15
40000	15
40100	15
40200	15
40300	15
40400	15
40500	15
40600	15
40700	15
40800	15
40900	15
41000	15
41100	15
41200	15
41300	15
41400	15
41500	15
41600	15
41700	15
41800	15
41900	15
42000	15
42100	15
42200	15
42300	15
42400	15
42500	15
42600	15
42700	15
42800	15
42900	15
43000	15
43100	15
43200	15
43300	15
43400	15
43500	15
43600	15
43700	15
43800	15
43900	15
44000	15
44100	15
44200	15
44300	15
44400	15
44500	15
44600	15
44700	15
44800	15
44900	15
45000	15
45100	15
45200	15
45300	15
45400	15
45500	15
45600	15
45700	15
45800	15
45900	15
46000	15
46100	15
46200	15
46300	15
46400	15
46500	15
46600	15
46700	15
46800	15
46900	15
47000	15
47100	15
47200	15
47300	15
47400	15
47500	15
47600	15
47700	15
47800	15
47900	15
48000	15
48100	15
48200	15
48300	15
48400	15
48500	15
48600	15
48700	15
48800	15
48900	15
49000	15
49100	15
49200	15
49300	15
49400	15
49500	15
49600	15
49700	15
49800	15
49900	15
50000	15
50100	15
50200	15
50300	15
50400	15
50500	15
50600	15
50700	15
50800	15
50900	15
51000	15
51100	15
51200	15
51300	15
51400	15
51500	15
51600	15
51700	15
51800	15
51900	15
52000	15
52100	15
52200	15
52300	15
52400	15
52500	15
52600	15
52700	15
52800	15
52900	15
53000	15
53100	15
53200	15
8200	31
8300	31
8400	31
8500	31
8600	31
8700	31
8800	31
8900	31
9000	31
9100	31
9200	31
9300	31
9400	31
9500	31
9600	31
9700	31
9800	31
9900	31
10000	31
10100	31
10200	31
10300	31
10400	31
10500	31
10600	31
10700	31
10800	31
10900	31
11000	31
11100	31
11200	31
11300	31
11400	31
11500	31
11600	31
11700	31
11800	31
11900	31
12000	31
12100	31
12200	31
12300	31
12400	31
12500	31
12600	31
12700	31
12800	31
12900	31
13000	31
13100	31
13200	31
300	35
400	35
16400	38
16500	38
16600	38
16700	38
16800	38
16900	38
17000	38
17100	38
17200	38
17300	38
17400	38
17500	38
17600	38
17700	38
17800	38
17900	38
18000	38
18100	38
18200	38
18300	38
18400	38
18500	38
18600	38
18700	38
18800	38
18900	38
19000	38
19100	38
19200	38
19300	38
19400	38
19500	38
19600	38
19700	38
19800	38
19900	38
20000	38
20100	38
20200	38
20300	38
20400	38
20500	38
20600	38
20700	38
20800	38
20900	38
21000	38
21100	38
21200	38
21300	38
21400	38
21500	38
21600	38
21700	38
21800	38
21900	38
22000	38
22100	38
22200	38
22300	38
22400	38
22500	38
22600	38
22700	38
22800	38
22900	38
23000	38
23100	38
23200	38
23300	38
23400	38
23500	38
23600	38
23700	38
23800	38
23900	38
24000	38
24100	38
24200	38
24300	38
24400	38
24500	38
24600	38
24700	38
24800	38
24900	38
25000	38
25100	38
25200	38
25300	38
25400	38
25500	38
25600	38
25700	38
25800	38
25900	38
26000	38
26100	38
26200	38
26300	38
26400	38
26500	38
26600	38
2100	39
2200	39
2300	39
2400	39
2500	39
2600	39
2700	39
2800	39
2900	39
3000	39
3100	39
3200	39
3300	39
SELECT c3,id FROM t2 WHERE c2=11 ORDER BY c3 LIMIT 20;
14	6
14	185
14	16
14	282
14	31
14	262
14	41
14	195
14	62
14	72
14	272
14	82
14	175
14	92
14	252
14	125
14	165
14	135
14	155
14	145
DROP TABLE t1,t2;
CREATE TABLE t1 (
a INT,
b INT,
PRIMARY KEY (a),
KEY ab(a, b)
);
INSERT INTO t1 VALUES (1,1),(2,2),(3,3),(4,4);
INSERT INTO t1 SELECT a + 4, b + 4 FROM t1;
INSERT INTO t1 SELECT a + 8, b + 8 FROM t1;
INSERT INTO t1 SELECT a +16, b +16 FROM t1;
INSERT INTO t1 SELECT a +32, b +32 FROM t1;
INSERT INTO t1 SELECT a +64, b +64 FROM t1;
flush status;
show status like 'Created_tmp_tables';
Created_tmp_tables	0
SELECT a FROM t1 IGNORE INDEX FOR ORDER BY (PRIMARY, ab) ORDER BY a;
1
2
3
4
5
6
7
8
9
10
11
12
13
14
15
16
17
18
19
20
21
22
23
24
25
26
27
28
29
30
31
32
33
34
35
36
37
38
39
40
41
42
43
44
45
46
47
48
49
50
51
52
53
54
55
56
57
58
59
60
61
62
63
64
65
66
67
68
69
70
71
72
73
74
75
76
77
78
79
80
81
82
83
84
85
86
87
88
89
90
91
92
93
94
95
96
97
98
99
100
101
102
103
104
105
106
107
108
109
110
111
112
113
114
115
116
117
118
119
120
121
122
123
124
125
126
127
128
flush status;
show status like 'Created_tmp_tables';
Created_tmp_tables	0
flush status;
SELECT a FROM t1 IGNORE INDEX (PRIMARY, ab) GROUP BY a;
1
2
3
4
5
6
7
8
9
10
11
12
13
14
15
16
17
18
19
20
21
22
23
24
25
26
27
28
29
30
31
32
33
34
35
36
37
38
39
40
41
42
43
44
45
46
47
48
49
50
51
52
53
54
55
56
57
58
59
60
61
62
63
64
65
66
67
68
69
70
71
72
73
74
75
76
77
78
79
80
81
82
83
84
85
86
87
88
89
90
91
92
93
94
95
96
97
98
99
100
101
102
103
104
105
106
107
108
109
110
111
112
113
114
115
116
117
118
119
120
121
122
123
124
125
126
127
128
SELECT a FROM t1 IGNORE INDEX (PRIMARY, ab) ORDER BY a;
1
2
3
4
5
6
7
8
9
10
11
12
13
14
15
16
17
18
19
20
21
22
23
24
25
26
27
28
29
30
31
32
33
34
35
36
37
38
39
40
41
42
43
44
45
46
47
48
49
50
51
52
53
54
55
56
57
58
59
60
61
62
63
64
65
66
67
68
69
70
71
72
73
74
75
76
77
78
79
80
81
82
83
84
85
86
87
88
89
90
91
92
93
94
95
96
97
98
99
100
101
102
103
104
105
106
107
108
109
110
111
112
113
114
115
116
117
118
119
120
121
122
123
124
125
126
127
128
show status like 'Created_tmp_tables';
Created_tmp_tables	0
DROP TABLE t1;
create table t1(a int, b text);
insert into t1 values (1,REPEAT('x', 60000)),(3,REPEAT('y', 60000));
set session sort_buffer_size= 32768;
drop table t1;
CREATE TABLE t1 (a INT PRIMARY KEY);
CREATE TABLE t2 (a INT PRIMARY KEY, b INT);
CREATE TABLE t3 (c INT);
INSERT INTO t1 (a) VALUES (1), (2);
INSERT INTO t2 (a,b) VALUES (1,2), (2,3);
INSERT INTO t3 (c) VALUES (1), (2);
SELECT
(SELECT t1.a FROM t1, t2 WHERE t1.a = t2.b AND t2.a = t3.c ORDER BY t1.a)
FROM t3;
2
NULL
DROP TABLE t1, t2, t3;
create table t1(a int, c int);
SELECT 1 AS col FROM t1 WHERE a=2 AND (c=10 OR c IS NULL) ORDER BY c;
SELECT 1 AS col FROM t1 WHERE a=2 AND (c=10 OR c IS NULL) ORDER BY c;
SELECT 1 AS col FROM t1 WHERE a=2 AND (c=10 OR c IS NULL) ORDER BY c DESC;
SELECT 1 AS col FROM t1 WHERE a=2 AND (c=10 OR c IS NULL) ORDER BY c DESC;
DROP TABLE t1;
CREATE TABLE t2 (a varchar(32), b int(11), c float, d double,
UNIQUE KEY a (a,b,c), KEY b (b), KEY c (c)) charset utf8mb4;
CREATE TABLE t1 (a varchar(32), b char(3), UNIQUE KEY a (a,b), KEY b (b))
charset utf8mb4;
CREATE TABLE t3 (a varchar(32), b char(3), UNIQUE KEY a (a,b))
charset utf8mb4;
INSERT INTO t1 (a, b) VALUES
('domestic', 'CH'), ('domestic', 'LI'), ('plfcz1', 'FR'), ('all', 'AD'),
('all', 'AE'), ('all', 'AF'), ('all', 'AG'), ('all', 'AI'), ('all', 'AL'),
('all', 'AM'), ('all', 'AN'), ('all', 'AO'), ('all', 'AP'), ('all', 'AQ'),
('all', 'AR'), ('all', 'AS'), ('all', 'AT'), ('all', 'AU'), ('all', 'AW'),
('all', 'AZ'), ('all', 'BA'), ('all', 'BB'), ('all', 'BD'), ('all', 'BE'),
('all', 'BF'), ('all', 'BG'), ('all', 'BH'), ('all', 'BI'), ('all', 'BJ'),
('all', 'BM'), ('all', 'BN'), ('all', 'BO'), ('all', 'BR'), ('all', 'BS'),
('all', 'BT'), ('all', 'BV'), ('all', 'BW'), ('all', 'BY'), ('all', 'BZ'),
('all', 'CA'), ('all', 'CC'), ('all', 'CD'), ('all', 'CF'), ('all', 'CG'),
('all', 'CH'), ('all', 'CI'), ('all', 'CK'), ('all', 'CL'), ('all', 'CM'),
('all', 'CN'), ('all', 'CO'), ('all', 'CR'), ('all', 'CU'), ('all', 'CV'),
('all', 'CX'), ('all', 'CY'), ('all', 'CZ'), ('all', 'DE'), ('all', 'DJ'),
('all', 'DK'), ('all', 'DM'), ('all', 'DO'), ('all', 'DZ'), ('all', 'EC'),
('all', 'EE'), ('all', 'EG'), ('all', 'EH'), ('all', 'EI'), ('all', 'ER'),
('all', 'ES'), ('all', 'ET'), ('all', 'FI'), ('all', 'FJ'), ('all', 'FK'),
('all', 'FM'), ('all', 'FO'), ('all', 'FR'), ('all', 'FX'), ('all', 'GA'),
('all', 'GB'), ('all', 'GD'), ('all', 'GE'), ('all', 'GF'), ('all', 'GH'),
('all', 'GI'), ('all', 'GL'), ('all', 'GM'), ('all', 'GN'), ('all', 'GP'),
('all', 'GQ'), ('all', 'GR'), ('all', 'GS'), ('all', 'GT'), ('all', 'GU'),
('all', 'GW'), ('all', 'GY'), ('all', 'HK'), ('all', 'HM'), ('all', 'HN'),
( 'all', 'HR'), ( 'all', 'HT'), ( 'all', 'HU'), ( 'all', 'ID'), ( 'all', 'IE'),
( 'all', 'IL'), ( 'all', 'IN'), ( 'all', 'IO'), ( 'all', 'IQ'), ( 'all', 'IR'),
( 'all', 'IS'), ( 'all', 'IT'), ( 'all', 'JM'), ( 'all', 'JO'), ( 'all', 'JP'),
( 'all', 'KE'), ( 'all', 'KG'), ( 'all', 'KH'), ( 'all', 'KI'), ( 'all', 'KM'),
( 'all', 'KN'), ( 'all', 'KP'), ( 'all', 'KR'), ( 'all', 'KW'), ( 'all', 'KY'),
( 'all', 'KZ'), ( 'all', 'LA'), ( 'all', 'LB'), ( 'all', 'LC'), ( 'all', 'LI'),
( 'all', 'LK'), ( 'all', 'LR'), ( 'all', 'LS'), ( 'all', 'LT'), ( 'all', 'LU'),
( 'all', 'LV'), ( 'all', 'LY'), ( 'all', 'MA'), ( 'all', 'MC'), ( 'all', 'MD'),
( 'all', 'ME'), ( 'all', 'MG'), ( 'all', 'MH'), ( 'all', 'MK'), ( 'all', 'ML'),
( 'all', 'MM'), ( 'all', 'MN'), ( 'all', 'MO'), ( 'all', 'MP'), ( 'all', 'MQ'),
( 'all', 'MR'), ( 'all', 'MS'), ( 'all', 'MT'), ( 'all', 'MU'), ( 'all', 'MV'),
( 'all', 'MW'), ( 'all', 'MX'), ( 'all', 'MY'), ( 'all', 'MZ'), ( 'all', 'NA'),
( 'all', 'NC'), ( 'all', 'NE'), ( 'all', 'NF'), ( 'all', 'NG'), ( 'all', 'NI'),
( 'all', 'NL'), ( 'all', 'NO'), ( 'all', 'NP'), ( 'all', 'NR'), ( 'all', 'NU'),
( 'all', 'NV'), ( 'all', 'NZ'), ( 'all', 'OM'), ( 'all', 'PA'), ( 'all', 'PE'),
( 'all', 'PF'), ( 'all', 'PG'), ( 'all', 'PH'), ( 'all', 'PK'), ( 'all', 'PL'),
( 'all', 'PM'), ( 'all', 'PN'), ( 'all', 'PR'), ( 'all', 'PS'), ( 'all', 'PT'),
( 'all', 'PW'), ( 'all', 'PY'), ( 'all', 'QA'), ( 'all', 'RE'), ( 'all', 'RO'),
( 'all', 'RU'), ( 'all', 'RW'), ( 'all', 'SA'), ( 'all', 'SB'), ( 'all', 'SC'),
( 'all', 'SD'), ( 'all', 'SE'), ( 'all', 'SG'), ( 'all', 'SH'), ( 'all', 'SI'),
( 'all', 'SJ'), ( 'all', 'SK'), ( 'all', 'SL'), ( 'all', 'SM'), ( 'all', 'SN'),
( 'all', 'SO'), ( 'all', 'SR'), ( 'all', 'ST'), ( 'all', 'SV'), ( 'all', 'SY'),
( 'all', 'SZ'), ( 'all', 'TA'), ( 'all', 'TC'), ( 'all', 'TD'), ( 'all', 'TF'),
( 'all', 'TG'), ( 'all', 'TH'), ( 'all', 'TJ'), ( 'all', 'TK'), ( 'all', 'TM'),
( 'all', 'TN'), ( 'all', 'TO'), ( 'all', 'TP'), ( 'all', 'TR'), ( 'all', 'TT'),
( 'all', 'TV'), ( 'all', 'TW'), ( 'all', 'TZ'), ( 'all', 'UA'), ( 'all', 'UG'),
( 'all', 'UM'), ( 'all', 'US'), ( 'all', 'UY'), ( 'all', 'UZ'), ( 'all', 'VA'),
( 'all', 'VC'), ( 'all', 'VE'), ( 'all', 'VG'), ( 'all', 'VI'), ( 'all', 'VN'),
( 'all', 'VU'), ( 'all', 'WF'), ( 'all', 'WS'), ( 'plfcz1', 'FI'),
( 'all', 'XE'), ( 'all', 'XS'), ( 'all', 'XU'), ( 'plfcz1', 'XE'),
( 'all', 'YE'), ( 'all', 'YT'), ( 'all', 'YU'), ( 'all', 'ZA'), ( 'all', 'ZM'),
( 'all', 'ZR'), ( 'all', 'ZW'), ( 'foreign', 'AD'), ( 'foreign', 'AE'),
( 'foreign', 'AF'), ( 'foreign', 'AG'), ( 'foreign', 'AI'),
( 'foreign', 'AL'), ( 'foreign', 'AM'), ( 'foreign', 'AN'), ( 'foreign', 'AO'),
( 'foreign', 'AP'), ( 'foreign', 'AQ'), ( 'foreign', 'AR'), ( 'foreign', 'AS'),
( 'foreign', 'AT'), ( 'foreign', 'AU'), ( 'foreign', 'AW'), ( 'foreign', 'AZ'),
( 'foreign', 'BA'), ( 'foreign', 'BB'), ( 'foreign', 'BD'), ( 'foreign', 'BE'),
( 'foreign', 'BF'), ( 'foreign', 'BG'), ( 'foreign', 'BH'), ( 'foreign', 'BI'),
( 'foreign', 'BJ'), ( 'foreign', 'BM'), ( 'foreign', 'BN'), ( 'foreign', 'BO'),
( 'foreign', 'BR'), ( 'foreign', 'BS'), ( 'foreign', 'BT'), ( 'foreign', 'BV'),
( 'foreign', 'BW'), ( 'foreign', 'BY'), ( 'foreign', 'BZ'), ( 'foreign', 'CA'),
( 'foreign', 'CC'), ( 'foreign', 'CD'), ( 'foreign', 'CF'), ( 'foreign', 'CG'),
( 'foreign', 'CI'), ( 'foreign', 'CK'), ( 'foreign', 'CL'), ( 'foreign', 'CM'),
( 'foreign', 'CN'), ( 'foreign', 'CO'), ( 'foreign', 'CR'), ( 'foreign', 'CU'),
( 'foreign', 'CV'), ( 'foreign', 'CX'), ( 'foreign', 'CY'), ( 'foreign', 'CZ'),
( 'foreign', 'DE'), ( 'foreign', 'DJ'), ( 'foreign', 'DK'), ( 'foreign', 'DM'),
( 'foreign', 'DO'), ( 'foreign', 'DZ'), ( 'foreign', 'EC'), ( 'foreign', 'EE'),
( 'foreign', 'EG'), ( 'foreign', 'EH'), ( 'foreign', 'EI'), ( 'foreign', 'ER'),
( 'foreign', 'ES'), ( 'foreign', 'ET'), ( 'foreign', 'FI'), ( 'foreign', 'FJ'),
( 'foreign', 'FK'), ( 'foreign', 'FM'), ( 'foreign', 'FO'), ( 'foreign', 'FR'),
( 'foreign', 'FX'), ( 'foreign', 'GA'), ( 'foreign', 'GB'), ( 'foreign', 'GD'),
( 'foreign', 'GE'), ( 'foreign', 'GF'), ( 'foreign', 'GH'), ( 'foreign', 'GI'),
( 'foreign', 'GL'), ( 'foreign', 'GM'), ( 'foreign', 'GN'), ( 'foreign', 'GP'),
( 'foreign', 'GQ'), ( 'foreign', 'GR'), ( 'foreign', 'GS'), ( 'foreign', 'GT'),
( 'foreign', 'GU'), ( 'foreign', 'GW'), ( 'foreign', 'GY'), ( 'foreign', 'HK'),
( 'foreign', 'HM'), ( 'foreign', 'HN'), ( 'foreign', 'HR'), ( 'foreign', 'HT'),
( 'foreign', 'HU'), ( 'foreign', 'ID'), ( 'foreign', 'IE'), ( 'foreign', 'IL'),
( 'foreign', 'IN'), ( 'foreign', 'IO'), ( 'foreign', 'IQ'), ( 'foreign', 'IR'),
( 'foreign', 'IS'), ( 'foreign', 'IT'), ( 'foreign', 'JM'), ( 'foreign', 'JO'),
( 'foreign', 'JP'), ( 'foreign', 'KE'), ( 'foreign', 'KG'), ( 'foreign', 'KH'),
( 'foreign', 'KI'), ( 'foreign', 'KM'), ( 'foreign', 'KN'), ( 'foreign', 'KP'),
( 'foreign', 'KR'), ( 'foreign', 'KW'), ( 'foreign', 'KY'), ( 'foreign', 'KZ'),
( 'foreign', 'LA'), ( 'foreign', 'LB'), ( 'foreign', 'LC'), ( 'foreign', 'LK'),
( 'foreign', 'LR'), ( 'foreign', 'LS'), ( 'foreign', 'LT'), ( 'foreign', 'LU'),
( 'foreign', 'LV'), ( 'foreign', 'LY'), ( 'foreign', 'MA'), ( 'foreign', 'MC'),
( 'foreign', 'MD'), ( 'foreign', 'ME'), ( 'foreign', 'MG'), ( 'foreign', 'MH'),
( 'foreign', 'MK'), ( 'foreign', 'ML'), ( 'foreign', 'MM'), ( 'foreign', 'MN'),
( 'foreign', 'MO'), ( 'foreign', 'MP'), ( 'foreign', 'MQ'), ( 'foreign', 'MR'),
( 'foreign', 'MS'), ( 'foreign', 'MT'), ( 'foreign', 'MU'), ( 'foreign', 'MV'),
( 'foreign', 'MW'), ( 'foreign', 'MX'), ( 'foreign', 'MY'), ( 'foreign', 'MZ'),
( 'foreign', 'NA'), ( 'foreign', 'NC'), ( 'foreign', 'NE'), ( 'foreign', 'NF'),
( 'foreign', 'NG'), ( 'foreign', 'NI'), ( 'foreign', 'NL'), ( 'foreign', 'NO'),
( 'foreign', 'NP'), ( 'foreign', 'NR'), ( 'foreign', 'NU'), ( 'foreign', 'NV'),
( 'foreign', 'NZ'), ( 'foreign', 'OM'), ( 'foreign', 'PA'), ( 'foreign', 'PE'),
( 'foreign', 'PF'), ( 'foreign', 'PG'), ( 'foreign', 'PH'), ( 'foreign', 'PK'),
( 'foreign', 'PL'), ( 'foreign', 'PM'), ( 'foreign', 'PN'), ( 'foreign', 'PR'),
( 'foreign', 'PS'), ( 'foreign', 'PT'), ( 'foreign', 'PW'), ( 'foreign', 'PY'),
( 'foreign', 'QA'), ( 'foreign', 'RE'), ( 'foreign', 'RO'), ( 'foreign', 'RU'),
( 'foreign', 'RW'), ( 'foreign', 'SA'), ( 'foreign', 'SB'), ( 'foreign', 'SC'),
( 'foreign', 'SD'), ( 'foreign', 'SE'), ( 'foreign', 'SG'), ( 'foreign', 'SH'),
( 'foreign', 'SI'), ( 'foreign', 'SJ'), ( 'foreign', 'SK'), ( 'foreign', 'SL'),
( 'foreign', 'SM'), ( 'foreign', 'SN'), ( 'foreign', 'SO'), ( 'foreign', 'SR'),
( 'foreign', 'ST'), ( 'foreign', 'SV'), ( 'foreign', 'SY'), ( 'foreign', 'SZ'),
( 'foreign', 'TA'), ( 'foreign', 'TC'), ( 'foreign', 'TD'), ( 'foreign', 'TF'),
( 'foreign', 'TG'), ( 'foreign', 'TH'), ( 'foreign', 'TJ'), ( 'foreign', 'TK'),
( 'foreign', 'TM'), ( 'foreign', 'TN'), ( 'foreign', 'TO'), ( 'foreign', 'TP'),
( 'foreign', 'TR'), ( 'foreign', 'TT'), ( 'foreign', 'TV'), ( 'foreign', 'TW'),
( 'foreign', 'TZ'), ( 'foreign', 'UA'), ( 'foreign', 'UG'), ( 'foreign', 'UM'),
( 'foreign', 'US'), ( 'foreign', 'UY'), ( 'foreign', 'UZ'), ( 'foreign', 'VA'),
( 'foreign', 'VC'), ( 'foreign', 'VE'), ( 'foreign', 'VG'), ( 'foreign', 'VI'),
( 'foreign', 'VN'), ( 'foreign', 'VU'), ( 'foreign', 'WF'), ( 'foreign', 'WS'),
( 'plfcz1', 'DK'), ( 'foreign', 'XE'), ( 'foreign', 'XS'), ( 'foreign', 'XU'),
( 'plfcz1', 'BE'), ( 'foreign', 'YE'), ( 'foreign', 'YT'), ( 'foreign', 'YU'),
( 'foreign', 'ZA'), ( 'foreign', 'ZM'), ( 'foreign', 'ZR'), ( 'foreign', 'ZW'),
( 'plfcz1', 'DE'), ( 'plfcz1', 'GI'), ( 'plfcz1', 'GR'), ( 'plfcz1', 'IS'),
( 'plfcz1', 'EI'), ( 'plfcz1', 'IT'), ( 'plfcz1', 'LU'), ( 'plfcz1', 'NL'),
( 'plfcz1', 'NO'), ( 'plfcz1', 'ES'), ( 'plfcz1', 'SE'), ( 'plfcz1', 'AL'),
( 'plfcz1', 'AD'), ( 'plfcz1', 'BY'), ( 'plfcz1', 'BA'), ( 'plfcz1', 'BG'),
( 'plfcz1', 'EE'), ( 'plfcz1', 'FO'), ( 'plfcz1', 'GL'), ( 'plfcz1', 'GB'),
( 'plfcz1', 'HR'), ( 'plfcz1', 'LV'), ( 'plfcz1', 'LT'), ( 'plfcz1', 'MT'),
( 'plfcz1', 'MK'), ( 'plfcz1', 'MD'), ( 'plfcz1', 'MC'), ( 'plfcz1', 'AT'),
( 'plfcz1', 'PL'), ( 'plfcz1', 'PT'), ( 'plfcz1', 'RO'), ( 'plfcz1', 'RU'),
( 'plfcz1', 'SM'), ( 'plfcz1', 'XS'), ( 'plfcz1', 'SK'), ( 'plfcz1', 'SI'),
( 'plfcz1', 'CZ'), ( 'plfcz1', 'TR'), ( 'plfcz1', 'UA'), ( 'plfcz1', 'HU'),
( 'plfcz1', 'VA'), ( 'plfcz1', 'CY'), ( 'plfcz2', 'AF'), ( 'plfcz2', 'DZ'),
( 'plfcz2', 'AS'), ( 'plfcz2', 'AO'), ( 'plfcz2', 'AI'), ( 'plfcz2', 'AQ'),
( 'plfcz2', 'AG'), ( 'plfcz2', 'AR'), ( 'plfcz2', 'AM'), ( 'plfcz2', 'AW'),
( 'plfcz2', 'AU'), ( 'plfcz2', 'AZ'), ( 'plfcz2', 'AP'), ( 'plfcz2', 'BS'),
( 'plfcz2', 'BH'), ( 'plfcz2', 'BD'), ( 'plfcz2', 'BB'), ( 'plfcz2', 'BZ'),
( 'plfcz2', 'BJ'), ( 'plfcz2', 'BM'), ( 'plfcz2', 'BT'), ( 'plfcz2', 'BO'),
( 'plfcz2', 'BW'), ( 'plfcz2', 'BV'), ( 'plfcz2', 'BR'), ( 'plfcz2', 'IO'),
( 'plfcz2', 'VG'), ( 'plfcz2', 'BN'), ( 'plfcz2', 'BF'), ( 'plfcz2', 'BI'),
( 'plfcz2', 'KH'), ( 'plfcz2', 'CM'), ( 'plfcz2', 'CA'), ( 'plfcz2', 'CV'),
( 'plfcz2', 'KY'), ( 'plfcz2', 'CF'), ( 'plfcz2', 'TD'), ( 'plfcz2', 'CL'),
( 'plfcz2', 'CN'), ( 'plfcz2', 'CX'), ( 'plfcz2', 'CC'), ( 'plfcz2', 'CO'),
( 'plfcz2', 'KM'), ( 'plfcz2', 'CG'), ( 'plfcz2', 'CD'), ( 'plfcz2', 'CK'),
( 'plfcz2', 'CR'), ( 'plfcz2', 'CI'), ( 'plfcz2', 'CU'), ( 'plfcz2', 'DJ'),
( 'plfcz2', 'DM'), ( 'plfcz2', 'DO'), ( 'plfcz2', 'TP'), ( 'plfcz2', 'EC'),
( 'plfcz2', 'EG'), ( 'plfcz2', 'SV'), ( 'plfcz2', 'GQ'), ( 'plfcz2', 'ER'),
( 'plfcz2', 'ET'), ( 'plfcz2', 'FK'), ( 'plfcz2', 'FJ'), ( 'plfcz2', 'FX'),
( 'plfcz2', 'GF'), ( 'plfcz2', 'PF'), ( 'plfcz2', 'TA'), ( 'plfcz2', 'TF'),
( 'plfcz2', 'GA'), ( 'plfcz2', 'GM'), ( 'plfcz2', 'GE'), ( 'plfcz2', 'GH'),
( 'plfcz2', 'GD'), ( 'plfcz2', 'GP'), ( 'plfcz2', 'GU'), ( 'plfcz2', 'GT'),
( 'plfcz2', 'GN'), ( 'plfcz2', 'GW'), ( 'plfcz2', 'GY'), ( 'plfcz2', 'HT'),
( 'plfcz2', 'HM'), ( 'plfcz2', 'HN'), ( 'plfcz2', 'HK'), ( 'plfcz2', 'IN'),
( 'plfcz2', 'ID'), ( 'plfcz2', 'IR'), ( 'plfcz2', 'IQ'), ( 'plfcz2', 'IE'),
( 'plfcz2', 'IL'), ( 'plfcz2', 'JM'), ( 'plfcz2', 'JP'), ( 'plfcz2', 'JO'),
( 'plfcz2', 'KZ'), ( 'plfcz2', 'KE'), ( 'plfcz2', 'KI'), ( 'plfcz2', 'KP'),
( 'plfcz2', 'KW'), ( 'plfcz2', 'KG'), ( 'plfcz2', 'LA'), ( 'plfcz2', 'LB'),
( 'plfcz2', 'LS'), ( 'plfcz2', 'LR'), ( 'plfcz2', 'LY'), ( 'plfcz2', 'MO'),
( 'plfcz2', 'MG'), ( 'plfcz2', 'ME'), ( 'plfcz2', 'MW'), ( 'plfcz2', 'MY'),
( 'plfcz2', 'MV'), ( 'plfcz2', 'ML'), ( 'plfcz2', 'MH'), ( 'plfcz2', 'MQ'),
( 'plfcz2', 'MR'), ( 'plfcz2', 'MU'), ( 'plfcz2', 'YT'), ( 'plfcz2', 'MX'),
( 'plfcz2', 'FM'), ( 'plfcz2', 'MN'), ( 'plfcz2', 'MS'), ( 'plfcz2', 'MA'),
( 'plfcz2', 'MZ'), ( 'plfcz2', 'MM'), ( 'plfcz2', 'NA'), ( 'plfcz2', 'NR'),
( 'plfcz2', 'NP'), ( 'plfcz2', 'AN'), ( 'plfcz2', 'NC'), ( 'plfcz2', 'NZ'),
( 'plfcz2', 'NI'), ( 'plfcz2', 'NE'), ( 'plfcz2', 'NG'), ( 'plfcz2', 'NU'),
( 'plfcz2', 'NF'), ( 'plfcz2', 'MP'), ( 'plfcz2', 'OM'), ( 'plfcz2', 'PK'),
( 'plfcz2', 'PW'), ( 'plfcz2', 'PS'), ( 'plfcz2', 'PA'), ( 'plfcz2', 'PG'),
( 'plfcz2', 'PY'), ( 'plfcz2', 'PE'), ( 'plfcz2', 'PH'), ( 'plfcz2', 'PN'),
( 'plfcz2', 'PR'), ( 'plfcz2', 'QA'), ( 'plfcz2', 'RE'), ( 'plfcz2', 'RW'),
( 'plfcz2', 'KN'), ( 'plfcz2', 'ST'), ( 'plfcz2', 'SA'), ( 'plfcz2', 'SN'),
( 'plfcz2', 'SC'), ( 'plfcz2', 'SL'), ( 'plfcz2', 'SG'), ( 'plfcz2', 'SB'),
( 'plfcz2', 'SO'), ( 'plfcz2', 'ZA'), ( 'plfcz2', 'GS'), ( 'plfcz2', 'KR'),
( 'plfcz2', 'LK'), ( 'plfcz2', 'NV'), ( 'plfcz2', 'SH'), ( 'plfcz2', 'LC'),
( 'plfcz2', 'PM'), ( 'plfcz2', 'VC'), ( 'plfcz2', 'SD'), ( 'plfcz2', 'SR'),
( 'plfcz2', 'SJ'), ( 'plfcz2', 'SZ'), ( 'plfcz2', 'SY'), ( 'plfcz2', 'TW'),
( 'plfcz2', 'TJ'), ( 'plfcz2', 'TZ'), ( 'plfcz2', 'TH'), ( 'plfcz2', 'TG'),
( 'plfcz2', 'TK'), ( 'plfcz2', 'TO'), ( 'plfcz2', 'TT'), ( 'plfcz2', 'XU'),
( 'plfcz2', 'TN'), ( 'plfcz2', 'TM'), ( 'plfcz2', 'TC'), ( 'plfcz2', 'TV'),
( 'plfcz2', 'UG'), ( 'plfcz2', 'AE'), ( 'plfcz2', 'US'), ( 'plfcz2', 'UM'),
( 'plfcz2', 'UY'), ( 'plfcz2', 'UZ'), ( 'plfcz2', 'VU'), ( 'plfcz2', 'VE'),
( 'plfcz2', 'VN'), ( 'plfcz2', 'VI'), ( 'plfcz2', 'WF'), ( 'plfcz2', 'EH'),
( 'plfcz2', 'WS'), ( 'plfcz2', 'YE'), ( 'plfcz2', 'YU'), ( 'plfcz2', 'ZR'),
( 'plfcz2', 'ZM'), ( 'plfcz2', 'ZW'), ( 'ppfcz1', 'AT'), ( 'ppfcz1', 'BE'),
( 'ppfcz1', 'DE'), ( 'ppfcz1', 'FR'), ( 'ppfcz1', 'FX'), ( 'ppfcz1', 'IT'),
( 'ppfcz1', 'LU'), ( 'ppfcz1', 'MC'), ( 'ppfcz1', 'NL'), ( 'ppfcz1', 'SM'),
( 'ppfcz1', 'VA'), ( 'ppfcz1', 'XE'), ( 'ppfcz2', 'AD'), ( 'ppfcz2', 'AL'),
( 'ppfcz2', 'BA'), ( 'ppfcz2', 'BG'), ( 'ppfcz2', 'BY'), ( 'ppfcz2', 'CY'),
( 'ppfcz2', 'CZ'), ( 'ppfcz2', 'DK'), ( 'ppfcz2', 'EE'), ( 'ppfcz2', 'EI'),
( 'ppfcz2', 'ES'), ( 'ppfcz2', 'FI'), ( 'ppfcz2', 'FO'), ( 'ppfcz2', 'GB'),
( 'ppfcz2', 'GI'), ( 'ppfcz2', 'GL'), ( 'ppfcz2', 'GR'), ( 'ppfcz2', 'HR'),
( 'ppfcz2', 'HU'), ( 'ppfcz2', 'IE'), ( 'ppfcz2', 'IS'), ( 'ppfcz2', 'LT'),
( 'ppfcz2', 'LV'), ( 'ppfcz2', 'MD'), ( 'ppfcz2', 'MK'), ( 'ppfcz2', 'MT'),
( 'ppfcz2', 'NO'), ( 'ppfcz2', 'PL'), ( 'ppfcz2', 'PT'), ( 'ppfcz2', 'RO'),
( 'ppfcz2', 'RU'), ( 'ppfcz2', 'SE'), ( 'ppfcz2', 'SI'), ( 'ppfcz2', 'SK'),
( 'ppfcz2', 'TR'), ( 'ppfcz2', 'UA'), ( 'ppfcz2', 'XS'), ( 'ppfcz2', 'YU'),
( 'ppfcz3', 'CA'), ( 'ppfcz3', 'DZ'), ( 'ppfcz3', 'EG'), ( 'ppfcz3', 'IL'),
( 'ppfcz3', 'JO'), ( 'ppfcz3', 'LB'), ( 'ppfcz3', 'LY'), ( 'ppfcz3', 'MA'),
( 'ppfcz3', 'MX'), ( 'ppfcz3', 'PM'), ( 'ppfcz3', 'SY'), ( 'ppfcz3', 'TN'),
( 'ppfcz3', 'US'), ( 'ppfcz4', 'AE'), ( 'ppfcz4', 'AF'), ( 'ppfcz4', 'AM'),
( 'ppfcz4', 'AO'), ( 'ppfcz4', 'AZ'), ( 'ppfcz4', 'BD'), ( 'ppfcz4', 'BF'),
( 'ppfcz4', 'BH'), ( 'ppfcz4', 'BI'), ( 'ppfcz4', 'BJ'), ( 'ppfcz4', 'BT'),
( 'ppfcz4', 'BV'), ( 'ppfcz4', 'BW'), ( 'ppfcz4', 'CF'), ( 'ppfcz4', 'CG'),
( 'ppfcz4', 'CI'), ( 'ppfcz4', 'CM'), ( 'ppfcz4', 'CN'), ( 'ppfcz4', 'DJ'),
( 'ppfcz4', 'DO'), ( 'ppfcz4', 'ER'), ( 'ppfcz4', 'ET'), ( 'ppfcz4', 'GA'),
( 'ppfcz4', 'GE'), ( 'ppfcz4', 'GH'), ( 'ppfcz4', 'GM'), ( 'ppfcz4', 'GN'),
( 'ppfcz4', 'GQ'), ( 'ppfcz4', 'GW'), ( 'ppfcz4', 'HK'), ( 'ppfcz4', 'IN'),
( 'ppfcz4', 'IQ'), ( 'ppfcz4', 'IR'), ( 'ppfcz4', 'JP'), ( 'ppfcz4', 'KE'),
( 'ppfcz4', 'KG'), ( 'ppfcz4', 'KH'), ( 'ppfcz4', 'KP'), ( 'ppfcz4', 'KW'),
( 'ppfcz4', 'KZ'), ( 'ppfcz4', 'LA'), ( 'ppfcz4', 'LK'), ( 'ppfcz4', 'LR'),
( 'ppfcz4', 'LS'), ( 'ppfcz4', 'MG'), ( 'ppfcz4', 'ML'), ( 'ppfcz4', 'MM'),
( 'ppfcz4', 'MN'), ( 'ppfcz4', 'MO'), ( 'ppfcz4', 'MR'), ( 'ppfcz4', 'MU'),
( 'ppfcz4', 'MV'), ( 'ppfcz4', 'MW'), ( 'ppfcz4', 'MY'), ( 'ppfcz4', 'MZ'),
( 'ppfcz4', 'NA'), ( 'ppfcz4', 'NE'), ( 'ppfcz4', 'NG'), ( 'ppfcz4', 'NP'),
( 'ppfcz4', 'OM'), ( 'ppfcz4', 'PK'), ( 'ppfcz4', 'QA'), ( 'ppfcz4', 'RE'),
( 'ppfcz4', 'RW'), ( 'ppfcz4', 'SA'), ( 'ppfcz4', 'SC'), ( 'ppfcz4', 'SD'),
( 'ppfcz4', 'SG'), ( 'ppfcz4', 'SH'), ( 'ppfcz4', 'SL'), ( 'ppfcz4', 'SN'),
( 'ppfcz4', 'SO'), ( 'ppfcz4', 'SZ'), ( 'ppfcz4', 'TD'), ( 'ppfcz4', 'TG'),
( 'ppfcz4', 'TH'), ( 'ppfcz4', 'TJ'), ( 'ppfcz4', 'TM'), ( 'ppfcz4', 'TW'),
( 'ppfcz4', 'TZ'), ( 'ppfcz4', 'UG'), ( 'ppfcz4', 'UZ'), ( 'ppfcz4', 'VN'),
( 'ppfcz4', 'XU'), ( 'ppfcz4', 'YT'), ( 'ppfcz4', 'ZA'), ( 'ppfcz4', 'ZW'),
( 'ppfcz5', 'AG'), ( 'ppfcz5', 'AI'), ( 'ppfcz5', 'AN'), ( 'ppfcz5', 'AP'),
( 'ppfcz5', 'AQ'), ( 'ppfcz5', 'AR'), ( 'ppfcz5', 'AS'), ( 'ppfcz5', 'AU'),
( 'ppfcz5', 'AW'), ( 'ppfcz5', 'BB'), ( 'ppfcz5', 'BM'), ( 'ppfcz5', 'BN'),
( 'ppfcz5', 'BO'), ( 'ppfcz5', 'BR'), ( 'ppfcz5', 'BS'), ( 'ppfcz5', 'BZ'),
( 'ppfcz5', 'CC'), ( 'ppfcz5', 'CD'), ( 'ppfcz5', 'CK'), ( 'ppfcz5', 'CL'),
( 'ppfcz5', 'CO'), ( 'ppfcz5', 'CR'), ( 'ppfcz5', 'CU'), ( 'ppfcz5', 'CV'),
( 'ppfcz5', 'CX'), ( 'ppfcz5', 'DM'), ( 'ppfcz5', 'EC'), ( 'ppfcz5', 'EH'),
( 'ppfcz5', 'FJ'), ( 'ppfcz5', 'FK'), ( 'ppfcz5', 'FM'), ( 'ppfcz5', 'GD'),
( 'ppfcz5', 'GF'), ( 'ppfcz5', 'GP'), ( 'ppfcz5', 'GS'), ( 'ppfcz5', 'GT'),
( 'ppfcz5', 'GU'), ( 'ppfcz5', 'GY'), ( 'ppfcz5', 'HM'), ( 'ppfcz5', 'HN'),
( 'ppfcz5', 'HT'), ( 'ppfcz5', 'ID'), ( 'ppfcz5', 'IO'), ( 'ppfcz5', 'JM'),
( 'ppfcz5', 'KI'), ( 'ppfcz5', 'KM'), ( 'ppfcz5', 'KN'), ( 'ppfcz5', 'KR'),
( 'ppfcz5', 'KY'), ( 'ppfcz5', 'LC'), ( 'ppfcz5', 'ME'), ( 'ppfcz5', 'MH'),
( 'ppfcz5', 'MP'), ( 'ppfcz5', 'MQ'), ( 'ppfcz5', 'MS'), ( 'ppfcz5', 'NC'),
( 'ppfcz5', 'NF'), ( 'ppfcz5', 'NI'), ( 'ppfcz5', 'NR'), ( 'ppfcz5', 'NU'),
( 'ppfcz5', 'NZ'), ( 'ppfcz5', 'PA'), ( 'ppfcz5', 'PE'), ( 'ppfcz5', 'PF'),
( 'ppfcz5', 'PG'), ( 'ppfcz5', 'PH'), ( 'ppfcz5', 'PN'), ( 'ppfcz5', 'PR'),
( 'ppfcz5', 'PS'), ( 'ppfcz5', 'PW'), ( 'ppfcz5', 'PY'), ( 'ppfcz5', 'SB'),
( 'ppfcz5', 'SJ'), ( 'ppfcz5', 'SR'), ( 'ppfcz5', 'ST'), ( 'ppfcz5', 'SV'),
( 'ppfcz5', 'TA'), ( 'ppfcz5', 'TC'), ( 'ppfcz5', 'TF'), ( 'ppfcz5', 'TK'),
( 'ppfcz5', 'TO'), ( 'ppfcz5', 'TP'), ( 'ppfcz5', 'TT'), ( 'ppfcz5', 'TV'),
( 'ppfcz5', 'UM'), ( 'ppfcz5', 'UY'), ( 'ppfcz5', 'VC'), ( 'ppfcz5', 'VE'),
( 'ppfcz5', 'VG'), ( 'ppfcz5', 'VI'), ( 'ppfcz5', 'VU'), ( 'ppfcz5', 'WF'),
( 'ppfcz5', 'WS'), ( 'ppfcz5', 'YE'), ( 'ppfcz5', 'ZM'), ( 'ppfcz5', 'ZR');
INSERT INTO t2 (a, b, c, d) VALUES
('domestic', 26, 0.25, 4.7), ('domestic', 27, 0.25, 6),
('domestic', 19, 2, 6.3), ('domestic', 19, 5, 7.77),
('domestic', 19, 10, 10.3), ('domestic', 19, 20, 14.83),
('domestic', 19, 30, 20.88), ('domestic', 20, 2, 7.3),
('domestic', 20, 5, 8.77), ('domestic', 20, 10, 11.3),
('domestic', 20, 20, 15.83), ('domestic', 20, 30, 21.88),
('domestic', 23, 2, 18.8), ('domestic', 23, 5, 20.8),
('domestic', 23, 10, 24.8), ('domestic', 23, 20, 27.8),
('domestic', 23, 30, 30.8), ('domestic', 24, 2, 21.1405),
('domestic', 24, 5, 22.3705), ('domestic', 24, 10, 25.0905),
('domestic', 24, 20, 29.7705), ('domestic', 24, 30, 35.9605),
('domestic', 17, 2, 7.2), ('domestic', 17, 5, 8.43),
('domestic', 17, 10, 11.15), ('domestic', 17, 20, 15.83),
('domestic', 17, 30, 22.02), ('domestic', 18, 2, 8.2),
('domestic', 18, 5, 9.43), ('domestic', 18, 10, 12.15),
('domestic', 18, 20, 16.83), ('domestic', 18, 30, 23.02),
('domestic', 28, 2, 17), ('domestic', 28, 5, 19),
('domestic', 28, 10, 22), ('domestic', 28, 20, 28),
('domestic', 28, 30, 35), ('domestic', 29, 30, 29.5),
('foreign', 25, 200, 0), ('domestic', 3, 100, 59),
('foreign', 10, 30, 0), ('foreign', 22, 0, 0),
('foreign', 11, 30, 0), ('foreign', 12, 30, 0),
('all', 1, 10000, 0), ('all', 2, 10000, 0),
('domestic', 9, 10000, 0), ('domestic', 4, 500, 0),
('domestic', 5, 500, 0), ('domestic', 6, 500, 0),
('domestic', 7, 500, 0), ('domestic', 8, 500, 0),
('domestic', 21, 3.9, 10.8), ('domestic', 21, 4.9, 12.2),
('domestic', 21, 9.9, 15.3), ('domestic', 21, 19.9, 20.6),
('domestic', 21, 30, 28.1), ('plfcz1', 16, 0.5, 19),
('plfcz2', 16, 0.5, 25), ( 'ppfcz2', 15, 16, 76.5),
( 'ppfcz2', 15, 15, 75.5), ( 'ppfcz2', 15, 14, 73.5),
( 'ppfcz2', 15, 13, 71.5), ( 'ppfcz2', 15, 12, 69.5),
( 'ppfcz2', 15, 11, 67.5), ( 'ppfcz2', 15, 10, 65.5),
( 'ppfcz2', 15, 9, 62.5), ( 'ppfcz2', 15, 8, 59.5),
( 'ppfcz2', 15, 7, 56.5), ( 'ppfcz2', 15, 6, 53.5),
( 'ppfcz2', 15, 5, 50.5), ( 'ppfcz2', 15, 4, 46.5),
( 'ppfcz2', 15, 3, 42.5), ( 'ppfcz2', 15, 2, 38.5),
('ppfcz1', 15, 2, 33.5), ('ppfcz1', 15, 3, 36.5),
('ppfcz1', 15, 4, 39.5), ('ppfcz1', 15, 5, 41.5),
('ppfcz1', 15, 6, 42.5), ('ppfcz1', 15, 7, 43.5),
('ppfcz1', 15, 8, 44.5), ('ppfcz1', 15, 9, 45.5),
('ppfcz1', 15, 10, 46.5), ('ppfcz1', 15, 11, 47.5),
( 'ppfcz1', 15, 12, 48.5), ( 'ppfcz1', 15, 13, 49.5), ( 'ppfcz1', 15, 14, 50.5),
( 'ppfcz1', 15, 15, 51.5), ( 'ppfcz1', 15, 16, 52.5), ( 'ppfcz1', 15, 17, 53.5),
( 'ppfcz1', 15, 18, 54.5), ( 'ppfcz1', 15, 19, 55.5), ( 'ppfcz1', 15, 20, 56.5),
( 'ppfcz1', 15, 21, 57.5), ( 'ppfcz1', 15, 22, 58.5), ( 'ppfcz1', 15, 23, 59.5),
( 'ppfcz1', 15, 24, 60.5), ( 'ppfcz1', 15, 25, 61.5), ( 'ppfcz1', 15, 26, 62.5),
( 'ppfcz1', 15, 27, 63.5), ( 'ppfcz1', 15, 28, 64.5), ( 'ppfcz1', 15, 29, 65.5),
( 'ppfcz1', 15, 30, 66.5), ( 'ppfcz2', 15, 17, 77.5), ( 'ppfcz2', 15, 18, 78.5),
( 'ppfcz2', 15, 19, 79.5), ( 'ppfcz2', 15, 20, 80.5), ( 'ppfcz2', 15, 21, 81.5),
( 'ppfcz2', 15, 22, 82.5), ( 'ppfcz2', 15, 23, 83.5), ( 'ppfcz2', 15, 24, 84.5),
( 'ppfcz2', 15, 25, 85.5), ( 'ppfcz2', 15, 26, 86.5), ( 'ppfcz2', 15, 27, 87.5),
( 'ppfcz2', 15, 28, 88.5), ( 'ppfcz2', 15, 29, 89.5), ( 'ppfcz2', 15, 30, 90.5),
( 'ppfcz3', 15, 2, 39.5), ( 'ppfcz3', 15, 3, 45.5), ( 'ppfcz3', 15, 4, 51.5),
( 'ppfcz3', 15, 5, 57.5), ( 'ppfcz3', 15, 6, 63.5), ( 'ppfcz3', 15, 7, 69.5),
( 'ppfcz3', 15, 8, 75.5), ( 'ppfcz3', 15, 9, 81.5), ( 'ppfcz3', 15, 10, 87.5),
( 'ppfcz3', 15, 11, 93.5), ( 'ppfcz3', 15, 12, 99.5), ( 'ppfcz3', 15, 13, 105.5),
( 'ppfcz3', 15, 14, 111.5), ( 'ppfcz3', 15, 15, 117.5), ( 'ppfcz3', 15, 16, 122.5),
( 'ppfcz3', 15, 17, 127.5), ( 'ppfcz3', 15, 18, 132.5), ( 'ppfcz3', 15, 19, 137.5),
( 'ppfcz3', 15, 20, 142.5), ( 'ppfcz3', 15, 21, 146.5), ( 'ppfcz3', 15, 22, 150.5),
( 'ppfcz3', 15, 23, 154.5), ( 'ppfcz3', 15, 24, 158.5), ( 'ppfcz3', 15, 25, 162.5),
( 'ppfcz3', 15, 26, 166.5), ( 'ppfcz3', 15, 27, 170.5), ( 'ppfcz3', 15, 28, 174.5),
( 'ppfcz3', 15, 29, 178.5), ( 'ppfcz3', 15, 30, 182.5), ( 'ppfcz4', 15, 2, 44.5),
( 'ppfcz4', 15, 3, 51.5), ( 'ppfcz4', 15, 4, 58.5), ( 'ppfcz4', 15, 5, 65.5),
( 'ppfcz4', 15, 6, 72.5), ( 'ppfcz4', 15, 7, 79.5), ( 'ppfcz4', 15, 8, 86.5),
( 'ppfcz4', 15, 9, 93.5), ( 'ppfcz4', 15, 10, 100.5), ( 'ppfcz4', 15, 11, 105.5),
( 'ppfcz4', 15, 12, 110.5), ( 'ppfcz4', 15, 13, 115.5), ( 'ppfcz4', 15, 14, 120.5),
( 'ppfcz4', 15, 15, 125.5), ( 'ppfcz4', 15, 16, 130.5), ( 'ppfcz4', 15, 17, 135.5),
( 'ppfcz4', 15, 18, 140.5), ( 'ppfcz4', 15, 19, 145.5), ( 'ppfcz4', 15, 20, 150.5),
( 'ppfcz4', 15, 21, 154.5), ( 'ppfcz4', 15, 22, 158.5), ( 'ppfcz4', 15, 23, 162.5),
( 'ppfcz4', 15, 24, 166.5), ( 'ppfcz4', 15, 25, 170.5), ( 'ppfcz4', 15, 26, 174.5),
( 'ppfcz4', 15, 27, 178.5), ( 'ppfcz4', 15, 28, 182.5), ( 'ppfcz4', 15, 29, 186.5),
( 'ppfcz4', 15, 30, 190.5), ( 'ppfcz5', 15, 2, 48.5), ( 'ppfcz5', 15, 3, 56.5),
( 'ppfcz5', 15, 4, 64.5), ( 'ppfcz5', 15, 5, 72.5), ( 'ppfcz5', 15, 6, 80.5),
( 'ppfcz5', 15, 7, 88.5), ( 'ppfcz5', 15, 8, 96.5), ( 'ppfcz5', 15, 9, 104.5),
( 'ppfcz5', 15, 10, 112.5), ( 'ppfcz5', 15, 11, 119.5), ( 'ppfcz5', 15, 12, 126.5),
( 'ppfcz5', 15, 13, 133.5), ( 'ppfcz5', 15, 14, 140.5), ( 'ppfcz5', 15, 15, 147.5),
( 'ppfcz5', 15, 16, 153.5), ( 'ppfcz5', 15, 17, 161.5), ( 'ppfcz5', 15, 18, 167.5),
( 'ppfcz5', 15, 19, 173.5), ( 'ppfcz5', 15, 20, 179.5), ( 'ppfcz5', 15, 21, 185.5),
( 'ppfcz5', 15, 22, 191.5), ( 'ppfcz5', 15, 23, 197.5), ( 'ppfcz5', 15, 24, 203.5),
( 'ppfcz5', 15, 25, 207.5), ( 'ppfcz5', 15, 26, 212.5), ( 'ppfcz5', 15, 27, 217.5),
( 'ppfcz5', 15, 28, 222.5), ( 'ppfcz5', 15, 29, 227.5), ( 'ppfcz5', 15, 30, 232.5),
( 'ppfcz1', 14, 2, 37.5), ( 'ppfcz1', 14, 3, 41.5), ( 'ppfcz1', 14, 4, 45.5),
( 'ppfcz1', 14, 5, 48.5), ( 'ppfcz1', 14, 6, 52.5), ( 'ppfcz1', 14, 7, 55.5),
( 'ppfcz1', 14, 8, 57.5), ( 'ppfcz1', 14, 9, 59.5), ( 'ppfcz1', 14, 10, 61.5),
( 'ppfcz1', 14, 11, 62.5), ( 'ppfcz1', 14, 12, 63.5), ( 'ppfcz1', 14, 13, 64.5),
( 'ppfcz1', 14, 14, 65.5), ( 'ppfcz1', 14, 15, 66.5), ( 'ppfcz1', 14, 16, 67.5),
( 'ppfcz1', 14, 17, 68.5), ( 'ppfcz1', 14, 18, 69.5), ( 'ppfcz1', 14, 19, 70.5),
( 'ppfcz1', 14, 20, 71.5), ( 'ppfcz1', 14, 21, 72.5), ( 'ppfcz1', 14, 22, 73.5),
( 'ppfcz1', 14, 23, 74.5), ( 'ppfcz1', 14, 24, 75.5), ( 'ppfcz1', 14, 25, 76.5),
( 'ppfcz1', 14, 26, 77.5), ( 'ppfcz1', 14, 27, 78.5), ( 'ppfcz1', 14, 28, 79.5),
( 'ppfcz1', 14, 29, 80.5), ( 'ppfcz1', 14, 30, 81.5), ( 'ppfcz2', 14, 2, 43.5),
( 'ppfcz2', 14, 3, 48.5), ( 'ppfcz2', 14, 4, 53.5), ( 'ppfcz2', 14, 5, 57.5),
( 'ppfcz2', 14, 6, 61.5), ( 'ppfcz2', 14, 7, 65.5), ( 'ppfcz2', 14, 8, 69.5),
( 'ppfcz2', 14, 9, 73.5), ( 'ppfcz2', 14, 10, 77.5), ( 'ppfcz2', 14, 11, 80.5),
( 'ppfcz2', 14, 12, 83.5), ( 'ppfcz2', 14, 13, 86.5), ( 'ppfcz2', 14, 14, 89.5),
( 'ppfcz2', 14, 15, 92.5), ( 'ppfcz2', 14, 16, 94.5), ( 'ppfcz2', 14, 17, 96.5),
( 'ppfcz2', 14, 18, 98.5), ( 'ppfcz2', 14, 19, 99.5), ( 'ppfcz2', 14, 20, 100.5),
( 'ppfcz2', 14, 21, 101.5), ( 'ppfcz2', 14, 22, 102.5), ( 'ppfcz2', 14, 23, 103.5),
( 'ppfcz2', 14, 24, 104.5), ( 'ppfcz2', 14, 25, 105.5), ( 'ppfcz2', 14, 26, 106.5),
( 'ppfcz2', 14, 27, 107.5), ( 'ppfcz2', 14, 28, 108.5), ( 'ppfcz2', 14, 29, 109.5),
( 'ppfcz2', 14, 30, 110.5), ( 'ppfcz3', 14, 2, 47.5), ( 'ppfcz3', 14, 3, 56.5),
( 'ppfcz3', 14, 4, 67.5), ( 'ppfcz3', 14, 5, 78.5), ( 'ppfcz3', 14, 6, 87.5),
( 'ppfcz3', 14, 7, 96.5), ( 'ppfcz3', 14, 8, 105.5), ( 'ppfcz3', 14, 9, 114.5),
( 'ppfcz3', 14, 10, 123.5), ( 'ppfcz3', 14, 11, 131.5), ( 'ppfcz3', 14, 12, 139.5),
( 'ppfcz3', 14, 13, 147.5), ( 'ppfcz3', 14, 14, 155.5), ( 'ppfcz3', 14, 15, 163.5),
( 'ppfcz3', 14, 16, 171.5), ( 'ppfcz3', 14, 17, 179.5), ( 'ppfcz3', 14, 18, 187.5),
( 'ppfcz3', 14, 19, 195.5), ( 'ppfcz3', 14, 20, 203.5), ( 'ppfcz3', 14, 21, 210.5),
( 'ppfcz3', 14, 22, 217.5), ( 'ppfcz3', 14, 23, 224.5), ( 'ppfcz3', 14, 24, 231.5),
( 'ppfcz3', 14, 25, 238.5), ( 'ppfcz3', 14, 26, 245.5), ( 'ppfcz3', 14, 27, 252.5),
( 'ppfcz3', 14, 28, 259.5), ( 'ppfcz3', 14, 29, 266.5), ( 'ppfcz3', 14, 30, 273.5),
( 'ppfcz4', 14, 2, 54.5), ( 'ppfcz4', 14, 3, 68.5), ( 'ppfcz4', 14, 4, 81.5),
( 'ppfcz4', 14, 5, 95.5), ( 'ppfcz4', 14, 6, 108.5), ( 'ppfcz4', 14, 7, 121.5),
( 'ppfcz4', 14, 8, 134.5), ( 'ppfcz4', 14, 9, 147.5), ( 'ppfcz4', 14, 10, 160.5),
( 'ppfcz4', 14, 11, 168.5), ( 'ppfcz4', 14, 12, 178.5), ( 'ppfcz4', 14, 13, 188.5),
( 'ppfcz4', 14, 14, 198.5), ( 'ppfcz4', 14, 15, 208.5), ( 'ppfcz4', 14, 16, 216.5),
( 'ppfcz4', 14, 17, 224.5), ( 'ppfcz4', 14, 18, 232.5), ( 'ppfcz4', 14, 19, 240.5),
( 'ppfcz4', 14, 20, 248.5), ( 'ppfcz4', 14, 21, 256.5), ( 'ppfcz4', 14, 22, 264.5),
( 'ppfcz4', 14, 23, 272.5), ( 'ppfcz4', 14, 24, 280.5), ( 'ppfcz4', 14, 25, 288.5),
( 'ppfcz4', 14, 26, 296.5), ( 'ppfcz4', 14, 27, 304.5), ( 'ppfcz4', 14, 28, 312.5),
( 'ppfcz4', 14, 29, 320.5), ( 'ppfcz4', 14, 30, 328.5), ( 'ppfcz5', 14, 2, 66.5),
( 'ppfcz5', 14, 3, 84.5), ( 'ppfcz5', 14, 4, 102.5), ( 'ppfcz5', 14, 5, 120.5),
( 'ppfcz5', 14, 6, 137.5), ( 'ppfcz5', 14, 7, 154.5), ( 'ppfcz5', 14, 8, 171.5),
( 'ppfcz5', 14, 9, 188.5), ( 'ppfcz5', 14, 10, 205.5), ( 'ppfcz5', 14, 11, 220.5),
( 'ppfcz5', 14, 12, 235.5), ( 'ppfcz5', 14, 13, 250.5), ( 'ppfcz5', 14, 14, 265.5),
( 'ppfcz5', 14, 15, 280.5), ( 'ppfcz5', 14, 16, 295.5), ( 'ppfcz5', 14, 17, 310.5),
( 'ppfcz5', 14, 18, 325.5), ( 'ppfcz5', 14, 19, 340.5), ( 'ppfcz5', 14, 20, 355.5),
( 'ppfcz5', 14, 21, 368.5), ( 'ppfcz5', 14, 22, 381.5), ( 'ppfcz5', 14, 23, 394.5),
( 'ppfcz5', 14, 24, 407.5), ( 'ppfcz5', 14, 25, 420.5), ( 'ppfcz5', 14, 26, 433.5),
( 'ppfcz5', 14, 27, 446.5), ( 'ppfcz5', 14, 28, 459.5), ( 'ppfcz5', 14, 29, 472.5),
( 'ppfcz5', 14, 30, 485.5), ( 'ppfcz1', 30, 0.5, 56.5), ( 'ppfcz1', 30, 1, 63.5),
( 'ppfcz1', 30, 1.5, 69.5), ( 'ppfcz1', 30, 2, 75.5), ( 'ppfcz1', 30, 2.5, 80.5),
( 'ppfcz1', 30, 3, 86.5), ( 'ppfcz1', 30, 3.5, 92.5), ( 'ppfcz1', 30, 4, 99.5),
( 'ppfcz1', 30, 4.5, 105.5), ( 'ppfcz1', 30, 5, 111.5), ( 'ppfcz1', 30, 6, 118.5),
( 'ppfcz1', 30, 7, 126.5), ( 'ppfcz1', 30, 8, 133.5), ( 'ppfcz1', 30, 9, 141.5),
( 'ppfcz1', 30, 10, 148.5), ( 'ppfcz1', 30, 11, 156.5), ( 'ppfcz1', 30, 12, 163.5),
( 'ppfcz1', 30, 13, 171.5), ( 'ppfcz1', 30, 14, 178.5), ( 'ppfcz1', 30, 15, 186.5),
( 'ppfcz1', 30, 16, 193.5), ( 'ppfcz1', 30, 17, 201.5), ( 'ppfcz1', 30, 18, 209.5),
( 'ppfcz1', 30, 19, 216.5), ( 'ppfcz1', 30, 20, 224.5), ( 'ppfcz1', 30, 21, 231.5),
( 'ppfcz1', 30, 22, 239.5), ( 'ppfcz1', 30, 23, 246.5), ( 'ppfcz1', 30, 24, 254.5),
( 'ppfcz1', 30, 25, 261.5), ( 'ppfcz1', 30, 26, 269.5), ( 'ppfcz1', 30, 27, 276.5),
( 'ppfcz1', 30, 28, 284.5), ( 'ppfcz1', 30, 29, 291.5), ( 'ppfcz1', 30, 30, 299.5),
( 'ppfcz2', 30, 0.5, 61.5), ( 'ppfcz2', 30, 1, 65.5), ( 'ppfcz2', 30, 1.5, 75.5),
( 'ppfcz2', 30, 2, 80.5), ( 'ppfcz2', 30, 2.5, 86.5), ( 'ppfcz2', 30, 3, 99.5),
( 'ppfcz2', 30, 3.5, 109.5), ( 'ppfcz2', 30, 4, 113.5), ( 'ppfcz2', 30, 4.5, 121.5),
( 'ppfcz2', 30, 5, 129.5), ( 'ppfcz2', 30, 6, 139.5), ( 'ppfcz2', 30, 7, 149.5),
( 'ppfcz2', 30, 8, 159.5), ( 'ppfcz2', 30, 9, 169.5), ( 'ppfcz2', 30, 10, 180.5),
( 'ppfcz2', 30, 11, 189.5), ( 'ppfcz2', 30, 12, 199.5), ( 'ppfcz2', 30, 13, 210.5),
( 'ppfcz2', 30, 14, 219.5), ( 'ppfcz2', 30, 15, 229.5), ( 'ppfcz2', 30, 16, 240.5),
( 'ppfcz2', 30, 17, 249.5), ( 'ppfcz2', 30, 18, 259.5), ( 'ppfcz2', 30, 19, 270.5),
( 'ppfcz2', 30, 20, 280.5), ( 'ppfcz2', 30, 21, 289.5), ( 'ppfcz2', 30, 22, 300.5),
( 'ppfcz2', 30, 23, 310.5), ( 'ppfcz2', 30, 24, 320.5), ( 'ppfcz2', 30, 25, 330.5),
( 'ppfcz2', 30, 26, 340.5), ( 'ppfcz2', 30, 27, 350.5), ( 'ppfcz2', 30, 28, 360.5),
( 'ppfcz2', 30, 29, 370.5), ( 'ppfcz2', 30, 30, 381.5), ( 'ppfcz3', 30, 0.5, 74.5),
( 'ppfcz3', 30, 1, 83.5), ( 'ppfcz3', 30, 1.5, 90.5), ( 'ppfcz3', 30, 2, 99.5),
( 'ppfcz3', 30, 2.5, 107.5), ( 'ppfcz3', 30, 3, 114.5), ( 'ppfcz3', 30, 3.5, 122.5),
( 'ppfcz3', 30, 4, 130.5), ( 'ppfcz3', 30, 4.5, 140.5), ( 'ppfcz3', 30, 5, 147.5),
( 'ppfcz3', 30, 6, 162.5), ( 'ppfcz3', 30, 7, 174.5), ( 'ppfcz3', 30, 8, 188.5),
( 'ppfcz3', 30, 9, 201.5), ( 'ppfcz3', 30, 10, 213.5), ( 'ppfcz3', 30, 11, 227.5),
( 'ppfcz3', 30, 12, 240.5), ( 'ppfcz3', 30, 13, 252.5), ( 'ppfcz3', 30, 14, 266.5),
( 'ppfcz3', 30, 15, 278.5), ( 'ppfcz3', 30, 16, 290.5), ( 'ppfcz3', 30, 17, 304.5),
( 'ppfcz3', 30, 18, 317.5), ( 'ppfcz3', 30, 19, 330.5), ( 'ppfcz3', 30, 20, 343.5),
( 'ppfcz3', 30, 21, 354.5), ( 'ppfcz3', 30, 22, 363.5), ( 'ppfcz3', 30, 23, 375.5),
( 'ppfcz3', 30, 24, 385.5), ( 'ppfcz3', 30, 25, 396.5), ( 'ppfcz3', 30, 26, 405.5),
( 'ppfcz3', 30, 27, 417.5), ( 'ppfcz3', 30, 28, 428.5), ( 'ppfcz3', 30, 29, 438.5),
( 'ppfcz3', 30, 30, 448.5), ( 'ppfcz4', 30, 0.5, 90.5), ( 'ppfcz4', 30, 1, 104.5),
( 'ppfcz4', 30, 1.5, 118.5), ( 'ppfcz4', 30, 2, 134.5), ( 'ppfcz4', 30, 2.5, 146.5),
( 'ppfcz4', 30, 3, 163.5), ( 'ppfcz4', 30, 3.5, 179.5), ( 'ppfcz4', 30, 4, 195.5),
( 'ppfcz4', 30, 4.5, 211.5), ( 'ppfcz4', 30, 5, 232.5), ( 'ppfcz4', 30, 6, 257.5),
( 'ppfcz4', 30, 7, 278.5), ( 'ppfcz4', 30, 8, 300.5), ( 'ppfcz4', 30, 9, 321.5),
( 'ppfcz4', 30, 10, 343.5), ( 'ppfcz4', 30, 11, 364.5), ( 'ppfcz4', 30, 12, 386.5),
( 'ppfcz4', 30, 13, 407.5), ( 'ppfcz4', 30, 14, 429.5), ( 'ppfcz4', 30, 15, 450.5),
( 'ppfcz4', 30, 16, 472.5), ( 'ppfcz4', 30, 17, 493.5), ( 'ppfcz4', 30, 18, 515.5),
( 'ppfcz4', 30, 19, 536.5), ( 'ppfcz4', 30, 20, 558.5), ( 'ppfcz4', 30, 21, 579.5),
( 'ppfcz4', 30, 22, 601.5), ( 'ppfcz4', 30, 23, 622.5), ( 'ppfcz4', 30, 24, 644.5),
( 'ppfcz4', 30, 25, 665.5), ( 'ppfcz4', 30, 26, 687.5), ( 'ppfcz4', 30, 27, 708.5),
( 'ppfcz4', 30, 28, 730.5), ( 'ppfcz4', 30, 29, 751.5), ( 'ppfcz4', 30, 30, 773.5),
( 'ppfcz5', 30, 0.5, 97.5), ( 'ppfcz5', 30, 1, 114.5), ( 'ppfcz5', 30, 1.5, 131.5),
( 'ppfcz5', 30, 2, 148.5), ( 'ppfcz5', 30, 2.5, 165.5), ( 'ppfcz5', 30, 3, 183.5),
( 'ppfcz5', 30, 3.5, 200.5), ( 'ppfcz5', 30, 4, 221.5), ( 'ppfcz5', 30, 4.5, 243.5),
( 'ppfcz5', 30, 5, 264.5), ( 'ppfcz5', 30, 6, 289.5), ( 'ppfcz5', 30, 7, 313.5),
( 'ppfcz5', 30, 8, 336.5), ( 'ppfcz5', 30, 9, 360.5), ( 'ppfcz5', 30, 10, 384.5),
( 'ppfcz5', 30, 11, 407.5), ( 'ppfcz5', 30, 12, 431.5), ( 'ppfcz5', 30, 13, 455.5),
( 'ppfcz5', 30, 14, 478.5), ( 'ppfcz5', 30, 15, 502.5), ( 'ppfcz5', 30, 16, 526.5),
( 'ppfcz5', 30, 17, 549.5), ( 'ppfcz5', 30, 18, 573.5), ( 'ppfcz5', 30, 19, 597.5),
( 'ppfcz5', 30, 20, 620.5), ( 'ppfcz5', 30, 21, 644.5), ( 'ppfcz5', 30, 22, 668.5),
( 'ppfcz5', 30, 23, 691.5), ( 'ppfcz5', 30, 24, 715.5), ( 'ppfcz5', 30, 25, 738.5),
( 'ppfcz5', 30, 26, 762.5), ( 'ppfcz5', 30, 27, 786.5), ( 'ppfcz5', 30, 28, 809.5),
( 'ppfcz5', 30, 29, 833.5), ( 'ppfcz5', 30, 30, 857.5), ( 'foreign', 13, 30, 0),
( 'all', 32, 10000, 23.2342007434944);
INSERT INTO t3 SELECT * FROM t1;
SELECT d FROM t1, t2
WHERE t2.b=14 AND t2.a=t1.a AND 5.1<t2.c AND t1.b='DE'
ORDER BY t2.c LIMIT 1;
52.5
SELECT d FROM t1, t2
WHERE t2.b=14 AND t2.a=t1.a AND 5.1<t2.c AND t1.b='DE'
ORDER BY t2.c LIMIT 1;
52.5
SELECT d FROM t3 AS t1, t2 AS t2
WHERE t2.b=14 AND t2.a=t1.a AND 5.1<t2.c AND t1.b='DE'
ORDER BY t2.c LIMIT 1;
52.5
SELECT d FROM t3 AS t1, t2 AS t2
WHERE t2.b=14 AND t2.a=t1.a AND 5.1<t2.c AND t1.b='DE'
ORDER BY t2.c LIMIT 1;
52.5
DROP TABLE t1,t2,t3;
CREATE TABLE t1(f0 int auto_increment primary key, f1 int, f2 varchar(200)) charset latin1;
INSERT INTO t1(f1, f2) VALUES
(0,"0"),(1,"1"),(2,"2"),(3,"3"),(4,"4"),(5,"5"),
(6,"6"),(7,"7"),(8,"8"),(9,"9"),(10,"10"),
(11,"11"),(12,"12"),(13,"13"),(14,"14"),(15,"15"),
(16,"16"),(17,"17"),(18,"18"),(19,"19"),(20,"20"),
(21,"21"),(22,"22"),(23,"23"),(24,"24"),(25,"25"),
(26,"26"),(27,"27"),(28,"28"),(29,"29"),(30,"30"),
(31,"31"),(32,"32"),(33,"33"),(34,"34"),(35,"35"),
(36,"36"),(37,"37"),(38,"38"),(39,"39"),(40,"40"),
(41,"41"),(42,"42"),(43,"43"),(44,"44"),(45,"45"),
(46,"46"),(47,"47"),(48,"48"),(49,"49"),(50,"50"),
(51,"51"),(52,"52"),(53,"53"),(54,"54"),(55,"55"),
(56,"56"),(57,"57"),(58,"58"),(59,"59"),(60,"60"),
(61,"61"),(62,"62"),(63,"63"),(64,"64"),(65,"65"),
(66,"66"),(67,"67"),(68,"68"),(69,"69"),(70,"70"),
(71,"71"),(72,"72"),(73,"73"),(74,"74"),(75,"75"),
(76,"76"),(77,"77"),(78,"78"),(79,"79"),(80,"80"),
(81,"81"),(82,"82"),(83,"83"),(84,"84"),(85,"85"),
(86,"86"),(87,"87"),(88,"88"),(89,"89"),(90,"90"),
(91,"91"),(92,"92"),(93,"93"),(94,"94"),(95,"95"),
(96,"96"),(97,"97"),(98,"98"),(99,"99");
SELECT * FROM t1 ORDER BY f1 ASC, f0 LIMIT 100;
1	0	0
2	1	1
3	2	2
4	3	3
5	4	4
6	5	5
7	6	6
8	7	7
9	8	8
10	9	9
11	10	10
12	11	11
13	12	12
14	13	13
15	14	14
16	15	15
17	16	16
18	17	17
19	18	18
20	19	19
21	20	20
22	21	21
23	22	22
24	23	23
25	24	24
26	25	25
27	26	26
28	27	27
29	28	28
30	29	29
31	30	30
32	31	31
33	32	32
34	33	33
35	34	34
36	35	35
37	36	36
38	37	37
39	38	38
40	39	39
41	40	40
42	41	41
43	42	42
44	43	43
45	44	44
46	45	45
47	46	46
48	47	47
49	48	48
50	49	49
51	50	50
52	51	51
53	52	52
54	53	53
55	54	54
56	55	55
57	56	56
58	57	57
59	58	58
60	59	59
61	60	60
62	61	61
63	62	62
64	63	63
65	64	64
66	65	65
67	66	66
68	67	67
69	68	68
70	69	69
71	70	70
72	71	71
73	72	72
74	73	73
75	74	74
76	75	75
77	76	76
78	77	77
79	78	78
80	79	79
81	80	80
82	81	81
83	82	82
84	83	83
85	84	84
86	85	85
87	86	86
88	87	87
89	88	88
90	89	89
91	90	90
92	91	91
93	92	92
94	93	93
95	94	94
96	95	95
97	96	96
98	97	97
99	98	98
100	99	99
SELECT * FROM t1 ORDER BY f1 ASC, f0 LIMIT 30;
1	0	0
2	1	1
3	2	2
4	3	3
5	4	4
6	5	5
7	6	6
8	7	7
9	8	8
10	9	9
11	10	10
12	11	11
13	12	12
14	13	13
15	14	14
16	15	15
17	16	16
18	17	17
19	18	18
20	19	19
21	20	20
22	21	21
23	22	22
24	23	23
25	24	24
26	25	25
27	26	26
28	27	27
29	28	28
30	29	29
SELECT * FROM t1 ORDER BY f1 ASC, f0 LIMIT 0;
SELECT * FROM t1 ORDER BY f2 DESC, f0 LIMIT 30;
100	99	99
99	98	98
98	97	97
97	96	96
96	95	95
95	94	94
94	93	93
93	92	92
92	91	91
91	90	90
10	9	9
90	89	89
89	88	88
88	87	87
87	86	86
86	85	85
85	84	84
84	83	83
83	82	82
82	81	81
81	80	80
9	8	8
80	79	79
79	78	78
78	77	77
77	76	76
76	75	75
75	74	74
74	73	73
73	72	72
SELECT * FROM t1 ORDER BY f2 DESC, f0 LIMIT 0;
SELECT * FROM t1 WHERE f1>10 ORDER BY f2, f0 LIMIT 20;
12	11	11
13	12	12
14	13	13
15	14	14
16	15	15
17	16	16
18	17	17
19	18	18
20	19	19
21	20	20
22	21	21
23	22	22
24	23	23
25	24	24
26	25	25
27	26	26
28	27	27
29	28	28
30	29	29
31	30	30
SELECT * FROM t1 WHERE f1>10 ORDER BY f2, f0 LIMIT 0;
SELECT * FROM t1 WHERE f1>10 ORDER BY f2, f0 LIMIT 10 OFFSET 10;
22	21	21
23	22	22
24	23	23
25	24	24
26	25	25
27	26	26
28	27	27
29	28	28
30	29	29
31	30	30
SELECT * FROM t1 WHERE f1>10 ORDER BY f2, f0 LIMIT 0 OFFSET 10;
set sort_buffer_size= 32768;
CREATE TEMPORARY TABLE tmp (f1 int, f2 varchar(20));
INSERT INTO tmp SELECT f1, f2 FROM t1;
INSERT INTO t1(f1, f2) SELECT * FROM tmp;
INSERT INTO tmp SELECT f1, f2 FROM t1;
INSERT INTO t1(f1, f2) SELECT * FROM tmp;
SELECT * FROM t1 ORDER BY f1 ASC, f0 LIMIT 30;
1	0	0
101	0	0
228	0	0
328	0	0
428	0	0
2	1	1
102	1	1
229	1	1
329	1	1
429	1	1
3	2	2
103	2	2
230	2	2
330	2	2
430	2	2
4	3	3
104	3	3
231	3	3
331	3	3
431	3	3
5	4	4
105	4	4
232	4	4
332	4	4
432	4	4
6	5	5
106	5	5
233	5	5
333	5	5
433	5	5
SELECT * FROM t1 ORDER BY f1 ASC, f0 LIMIT 0;
SELECT * FROM t1 ORDER BY f2 DESC, f0 LIMIT 30;
100	99	99
200	99	99
327	99	99
427	99	99
527	99	99
99	98	98
199	98	98
326	98	98
426	98	98
526	98	98
98	97	97
198	97	97
325	97	97
425	97	97
525	97	97
97	96	96
197	96	96
324	96	96
424	96	96
524	96	96
96	95	95
196	95	95
323	95	95
423	95	95
523	95	95
95	94	94
195	94	94
322	94	94
422	94	94
522	94	94
SELECT * FROM t1 ORDER BY f2 DESC, f0 LIMIT 0;
SELECT * FROM t1 WHERE f1>10 ORDER BY f2, f0 LIMIT 20;
12	11	11
112	11	11
239	11	11
339	11	11
439	11	11
13	12	12
113	12	12
240	12	12
340	12	12
440	12	12
14	13	13
114	13	13
241	13	13
341	13	13
441	13	13
15	14	14
115	14	14
242	14	14
342	14	14
442	14	14
SELECT * FROM t1 WHERE f1>10 ORDER BY f2, f0 LIMIT 0;
SELECT * FROM t1 WHERE f1>10 ORDER BY f2, f0 LIMIT 10 OFFSET 10;
14	13	13
114	13	13
241	13	13
341	13	13
441	13	13
15	14	14
115	14	14
242	14	14
342	14	14
442	14	14
SELECT * FROM t1 WHERE f1>10 ORDER BY f2, f0 LIMIT 0 OFFSET 10;
set sort_buffer_size= 32768;
SELECT SQL_CALC_FOUND_ROWS * FROM t1
ORDER BY f1, f0 LIMIT 30;
1	0	0
101	0	0
228	0	0
328	0	0
428	0	0
2	1	1
102	1	1
229	1	1
329	1	1
429	1	1
3	2	2
103	2	2
230	2	2
330	2	2
430	2	2
4	3	3
104	3	3
231	3	3
331	3	3
431	3	3
5	4	4
105	4	4
232	4	4
332	4	4
432	4	4
6	5	5
106	5	5
233	5	5
333	5	5
433	5	5
SELECT SQL_CALC_FOUND_ROWS * FROM t1
ORDER BY f1, f0 LIMIT 0;
SELECT SQL_CALC_FOUND_ROWS * FROM t1 WHERE f1>10
ORDER BY f2, f0 LIMIT 20;
12	11	11
112	11	11
239	11	11
339	11	11
439	11	11
13	12	12
113	12	12
240	12	12
340	12	12
440	12	12
14	13	13
114	13	13
241	13	13
341	13	13
441	13	13
15	14	14
115	14	14
242	14	14
342	14	14
442	14	14
SELECT SQL_CALC_FOUND_ROWS * FROM t1 WHERE f1>10
ORDER BY f2, f0 LIMIT 0;
SELECT SQL_CALC_FOUND_ROWS * FROM t1 WHERE f1>10
ORDER BY f2, f0 LIMIT 10 OFFSET 10;
14	13	13
114	13	13
241	13	13
341	13	13
441	13	13
15	14	14
115	14	14
242	14	14
342	14	14
442	14	14
SELECT SQL_CALC_FOUND_ROWS * FROM t1 WHERE f1>10
ORDER BY f2, f0 LIMIT 0 OFFSET 10;
set sort_buffer_size= 327680;
SELECT * FROM t1 JOIN tmp on t1.f2=tmp.f2
ORDER BY tmp.f1, f0 LIMIT 30;
1	0	0	0	0
1	0	0	0	0
1	0	0	0	0
101	0	0	0	0
101	0	0	0	0
101	0	0	0	0
228	0	0	0	0
228	0	0	0	0
228	0	0	0	0
328	0	0	0	0
328	0	0	0	0
328	0	0	0	0
428	0	0	0	0
428	0	0	0	0
428	0	0	0	0
2	1	1	1	1
2	1	1	1	1
2	1	1	1	1
102	1	1	1	1
102	1	1	1	1
102	1	1	1	1
229	1	1	1	1
229	1	1	1	1
229	1	1	1	1
329	1	1	1	1
329	1	1	1	1
329	1	1	1	1
429	1	1	1	1
429	1	1	1	1
429	1	1	1	1
SELECT * FROM t1 JOIN tmp on t1.f2=tmp.f2
ORDER BY tmp.f1, f0 LIMIT 30 OFFSET 30;
3	2	2	2	2
3	2	2	2	2
3	2	2	2	2
103	2	2	2	2
103	2	2	2	2
103	2	2	2	2
230	2	2	2	2
230	2	2	2	2
230	2	2	2	2
330	2	2	2	2
330	2	2	2	2
330	2	2	2	2
430	2	2	2	2
430	2	2	2	2
430	2	2	2	2
4	3	3	3	3
4	3	3	3	3
4	3	3	3	3
104	3	3	3	3
104	3	3	3	3
104	3	3	3	3
231	3	3	3	3
231	3	3	3	3
231	3	3	3	3
331	3	3	3	3
331	3	3	3	3
331	3	3	3	3
431	3	3	3	3
431	3	3	3	3
431	3	3	3	3
SELECT SQL_CALC_FOUND_ROWS * FROM t1 JOIN tmp on t1.f2=tmp.f2
ORDER BY tmp.f1, f0 LIMIT 30 OFFSET 30;
3	2	2	2	2
3	2	2	2	2
3	2	2	2	2
103	2	2	2	2
103	2	2	2	2
103	2	2	2	2
230	2	2	2	2
230	2	2	2	2
230	2	2	2	2
330	2	2	2	2
330	2	2	2	2
330	2	2	2	2
430	2	2	2	2
430	2	2	2	2
430	2	2	2	2
4	3	3	3	3
4	3	3	3	3
4	3	3	3	3
104	3	3	3	3
104	3	3	3	3
104	3	3	3	3
231	3	3	3	3
231	3	3	3	3
231	3	3	3	3
331	3	3	3	3
331	3	3	3	3
331	3	3	3	3
431	3	3	3	3
431	3	3	3	3
431	3	3	3	3
SELECT SQL_CALC_FOUND_ROWS * FROM t1 JOIN tmp on t1.f2=tmp.f2
WHERE t1.f2>20
ORDER BY tmp.f1, f0 LIMIT 30 OFFSET 30;
24	23	23	23	23
24	23	23	23	23
24	23	23	23	23
124	23	23	23	23
124	23	23	23	23
124	23	23	23	23
251	23	23	23	23
251	23	23	23	23
251	23	23	23	23
351	23	23	23	23
351	23	23	23	23
351	23	23	23	23
451	23	23	23	23
451	23	23	23	23
451	23	23	23	23
25	24	24	24	24
25	24	24	24	24
25	24	24	24	24
125	24	24	24	24
125	24	24	24	24
125	24	24	24	24
252	24	24	24	24
252	24	24	24	24
252	24	24	24	24
352	24	24	24	24
352	24	24	24	24
352	24	24	24	24
452	24	24	24	24
452	24	24	24	24
452	24	24	24	24
CREATE VIEW v1 as SELECT * FROM t1 ORDER BY f1, f0 LIMIT 30;
SELECT * FROM v1;
1	0	0
101	0	0
228	0	0
328	0	0
428	0	0
2	1	1
102	1	1
229	1	1
329	1	1
429	1	1
3	2	2
103	2	2
230	2	2
330	2	2
430	2	2
4	3	3
104	3	3
231	3	3
331	3	3
431	3	3
5	4	4
105	4	4
232	4	4
332	4	4
432	4	4
6	5	5
106	5	5
233	5	5
333	5	5
433	5	5
drop view v1;
CREATE VIEW v1 as SELECT * FROM t1 ORDER BY f1, f0 LIMIT 100;
SELECT * FROM v1 ORDER BY f2, f0 LIMIT 30;
1	0	0
101	0	0
228	0	0
328	0	0
428	0	0
2	1	1
102	1	1
229	1	1
329	1	1
429	1	1
11	10	10
111	10	10
238	10	10
338	10	10
438	10	10
12	11	11
112	11	11
239	11	11
339	11	11
439	11	11
13	12	12
113	12	12
240	12	12
340	12	12
440	12	12
14	13	13
114	13	13
241	13	13
341	13	13
441	13	13
CREATE VIEW v2 as SELECT * FROM t1 ORDER BY f2, f0 LIMIT 100;
SELECT * FROM v1 JOIN v2 on v1.f1=v2.f1 ORDER BY v1.f2,v1.f0,v2.f0
LIMIT 30;
1	0	0	1	0	0
1	0	0	101	0	0
1	0	0	228	0	0
1	0	0	328	0	0
1	0	0	428	0	0
101	0	0	1	0	0
101	0	0	101	0	0
101	0	0	228	0	0
101	0	0	328	0	0
101	0	0	428	0	0
228	0	0	1	0	0
228	0	0	101	0	0
228	0	0	228	0	0
228	0	0	328	0	0
228	0	0	428	0	0
328	0	0	1	0	0
328	0	0	101	0	0
328	0	0	228	0	0
328	0	0	328	0	0
328	0	0	428	0	0
428	0	0	1	0	0
428	0	0	101	0	0
428	0	0	228	0	0
428	0	0	328	0	0
428	0	0	428	0	0
2	1	1	2	1	1
2	1	1	102	1	1
2	1	1	229	1	1
2	1	1	329	1	1
2	1	1	429	1	1
SELECT floor(f1/10) f3, count(f2) FROM t1
GROUP BY 1 ORDER BY 2,1 LIMIT 5;
0	50
1	50
2	50
3	50
4	50
SELECT floor(f1/10) f3, count(f2) FROM t1
GROUP BY 1 ORDER BY 2,1 LIMIT 0;
SELECT d1.f1, d1.f2 FROM t1
LEFT JOIN (SELECT * FROM t1 ORDER BY f1 LIMIT 30) d1 on t1.f1=d1.f1
ORDER BY d1.f2 DESC LIMIT 30;
5	5
5	5
5	5
5	5
5	5
5	5
5	5
5	5
5	5
5	5
5	5
5	5
5	5
5	5
5	5
5	5
5	5
5	5
5	5
5	5
5	5
5	5
5	5
5	5
5	5
4	4
4	4
4	4
4	4
4	4
SELECT * FROM t1 WHERE f1 = (SELECT f1 FROM t1 ORDER BY 1 LIMIT 1);
1	0	0
101	0	0
228	0	0
328	0	0
428	0	0
DROP TABLE t1, tmp;
DROP VIEW v1, v2;
CREATE TABLE t1 (
pk INT NOT NULL AUTO_INCREMENT,
col_int_key INT DEFAULT NULL,
col_varchar_key VARCHAR(1) DEFAULT NULL,
PRIMARY KEY (pk),
KEY col_varchar_key (col_varchar_key,col_int_key)
);
INSERT INTO t1 VALUES (27,7,'x');
INSERT INTO t1 VALUES (28,6,'m');
INSERT INTO t1 VALUES (29,4,'c');
CREATE TABLE where_subselect
SELECT DISTINCT `pk` AS field1 , `pk` AS field2
FROM t1 AS alias1
WHERE alias1 . `col_int_key` > 229
OR alias1 . `col_varchar_key` IS NOT NULL
GROUP BY field1, field2
;
SELECT *
FROM where_subselect
WHERE (field1, field2) IN (
SELECT DISTINCT `pk` AS field1 , `pk` AS field2
FROM t1 AS alias1
WHERE alias1 . `col_int_key` > 229
OR alias1 . `col_varchar_key` IS NOT NULL
GROUP BY field1, field2
);
29	29
28	28
27	27
DROP TABLE t1;
DROP TABLE where_subselect;
CREATE TABLE t1 (
id1 INT NOT NULL,
id2 INT  NOT NULL,
junk INT NOT NULL,
PRIMARY KEY (id1, id2, junk),
INDEX id2_j_id1 (id2, junk, id1)
);
INSERT INTO t1 VALUES (1, 1, 1), (2, 1, 2), (3, 1, 3), (4, 1, 4);
INSERT INTO t1 VALUES (5, 2, 1), (6, 2, 2), (7, 2, 3), (8, 2, 4);
INSERT INTO t1 VALUES (9, 3, 1), (10, 3, 2), (11, 3, 3), (12, 3, 4);
INSERT INTO t1 VALUES (13, 4, 1), (14, 4, 2), (15, 4, 3), (16, 4, 4);
INSERT INTO t1 VALUES (17, 5, 1), (18, 5, 2), (19, 5, 3), (20, 5, 4);
INSERT INTO t1 VALUES (21, 6, 1), (22, 6, 2), (23, 6, 3), (24, 6, 4);
INSERT INTO t1 VALUES (25, 7, 1), (26, 7, 2), (27, 7, 3), (28, 7, 4);
INSERT INTO t1 VALUES (29, 8, 1), (30, 8, 2), (31, 8, 3), (32, 8, 4);
INSERT INTO t1 VALUES (33, 9, 1), (34, 9, 2), (35, 9, 3), (36, 9, 4);
SELECT id1 FROM t1 WHERE id2 = 4 ORDER BY id1;
13
14
15
16
SELECT id1 FROM t1 WHERE id2 = 4 ORDER BY id1;
13
14
15
16
DROP TABLE t1;
CREATE TABLE t1 (
a INT,
b INT NOT NULL,
c char(100),
KEY (b, c),
KEY (b, a, c)
)
DEFAULT CHARSET = utf8;
INSERT INTO t1 VALUES
(1,  1, 1),
(2,  2, 2),
(3,  3, 3),
(4,  4, 4),
(5,  5, 5),
(6,  6, 6),
(7,  7, 7),
(8,  8, 8),
(9,  9, 9);
INSERT INTO t1 SELECT a + 10,  b, c  + 10   FROM t1;
INSERT INTO t1 SELECT a + 20,  b, c  + 20   FROM t1;
INSERT INTO t1 SELECT a + 40,  b, c  + 40   FROM t1;
INSERT INTO t1 SELECT a + 80,  b, c  + 80   FROM t1;
INSERT INTO t1 SELECT a + 160, b, c  + 160  FROM t1;
INSERT INTO t1 SELECT a + 320, b, c  + 320  FROM t1;
INSERT INTO t1 SELECT a + 640, b, c  + 640  FROM t1;
INSERT INTO t1 SELECT a + 1280, b, c + 1280 FROM t1 LIMIT 80;
SELECT a FROM t1 WHERE b = 1 ORDER BY c DESC LIMIT 9;
991
981
971
961
951
941
931
921
911
SELECT a FROM t1 WHERE b = 1 ORDER BY c DESC LIMIT 9;
991
981
971
961
951
941
931
921
911
SELECT DISTINCT a FROM t1 WHERE b = 1 ORDER BY c DESC LIMIT 0, 9;
991
981
971
961
951
941
931
921
911
SELECT DISTINCT a FROM t1 WHERE b = 1 ORDER BY c DESC LIMIT 0, 9;
991
981
971
961
951
941
931
921
911
DROP TABLE t1;
CREATE TABLE t1 (a INT, b INT, KEY (a));
INSERT INTO t1 VALUES (0, NULL), (1, NULL), (2, NULL), (3, NULL);
INSERT INTO t1 SELECT a+4, b FROM t1;
INSERT INTO t1 SELECT a+8, b FROM t1;
CREATE TABLE t2 (a INT, b INT);
INSERT INTO t2 VALUES (0,NULL), (1,NULL), (2,NULL), (3,NULL), (4,NULL);
INSERT INTO t2 SELECT a+4, b FROM t2;
SELECT * FROM t1 FORCE INDEX FOR ORDER BY (a), t2 WHERE t1.a < 2 ORDER BY t1.a;
0	NULL	0	NULL
0	NULL	1	NULL
0	NULL	2	NULL
0	NULL	3	NULL
0	NULL	4	NULL
0	NULL	4	NULL
0	NULL	5	NULL
0	NULL	6	NULL
0	NULL	7	NULL
0	NULL	8	NULL
1	NULL	0	NULL
1	NULL	1	NULL
1	NULL	2	NULL
1	NULL	3	NULL
1	NULL	4	NULL
1	NULL	4	NULL
1	NULL	5	NULL
1	NULL	6	NULL
1	NULL	7	NULL
1	NULL	8	NULL
SELECT * FROM t1 USE INDEX FOR ORDER BY (a), t2 WHERE t1.a < 2 ORDER BY t1.a;
0	NULL	0	NULL
0	NULL	1	NULL
0	NULL	2	NULL
0	NULL	3	NULL
0	NULL	4	NULL
0	NULL	4	NULL
0	NULL	5	NULL
0	NULL	6	NULL
0	NULL	7	NULL
0	NULL	8	NULL
1	NULL	0	NULL
1	NULL	1	NULL
1	NULL	2	NULL
1	NULL	3	NULL
1	NULL	4	NULL
1	NULL	4	NULL
1	NULL	5	NULL
1	NULL	6	NULL
1	NULL	7	NULL
1	NULL	8	NULL
SELECT * FROM t1 FORCE INDEX FOR JOIN (a), t2 WHERE t1.a < 2 ORDER BY t1.a;
0	NULL	0	NULL
0	NULL	1	NULL
0	NULL	2	NULL
0	NULL	3	NULL
0	NULL	4	NULL
0	NULL	4	NULL
0	NULL	5	NULL
0	NULL	6	NULL
0	NULL	7	NULL
0	NULL	8	NULL
1	NULL	0	NULL
1	NULL	1	NULL
1	NULL	2	NULL
1	NULL	3	NULL
1	NULL	4	NULL
1	NULL	4	NULL
1	NULL	5	NULL
1	NULL	6	NULL
1	NULL	7	NULL
1	NULL	8	NULL
DROP TABLE t1, t2;
CREATE TABLE t1 ( a INT NOT NULL, b INT NOT NULL, KEY( a, b ) );
INSERT INTO t1 VALUES (1, 1), (2, 2), (3, 3), (4, 4), (5, 5);
INSERT INTO t1 SELECT a + 5, b + 5 FROM t1;
CREATE TABLE t2( a INT PRIMARY KEY, b INT );
INSERT INTO t2 VALUES (1, 1), (2, 2), (3, 3), (4, 4), (5, 5);
INSERT INTO t2 SELECT a + 5, b + 5 FROM t2;
SELECT count(*) AS c, t1.a
FROM t1 JOIN t2 ON t1.b = t2.a
WHERE t2.b = 1
GROUP BY t1.a
ORDER by c
LIMIT 2;
1	1
DROP TABLE t1, t2;
CREATE TABLE t1 (a INT,KEY (a));
INSERT INTO t1 VALUES (1),(2),(3),(4),(5),(6),(7),(8),(9),(10);
SELECT DISTINCT a,1 FROM t1 WHERE a <> 1 ORDER BY a DESC;
10	1
9	1
8	1
7	1
6	1
5	1
4	1
3	1
2	1
SELECT DISTINCT a,1 FROM t1 WHERE a <> 1 ORDER BY a DESC;
10	1
9	1
8	1
7	1
6	1
5	1
4	1
3	1
2	1
DROP TABLE t1;
select count(*) order by max(1) + min(1);
1
CREATE TABLE t1 (i1 integer NOT NULL PRIMARY KEY);
CREATE TABLE t2 (i2 integer NOT NULL PRIMARY KEY);
CREATE TABLE t3 (i3 integer);
INSERT INTO t1 VALUES (1), (2), (3), (4), (5), (6), (7), (8), (9), (10), (11), (12);
INSERT INTO t2 SELECT * FROM t1;
SELECT t1.*, t2.* FROM t1 JOIN t2 ON t1.i1 = t2.i2
LEFT JOIN t3 ON t2.i2 = t3.i3
ORDER BY t1.i1 LIMIT 5;
1	1
2	2
3	3
4	4
5	5
SELECT t1.*, t2.* FROM t1 JOIN t2 ON t1.i1 = t2.i2
LEFT JOIN t3 ON t2.i2 = t3.i3
ORDER BY t1.i1 LIMIT 5;
1	1
2	2
3	3
4	4
5	5
DROP TABLE t1, t2, t3;
CREATE TABLE t1(a INT PRIMARY KEY);
CREATE TABLE t2(b INT,c INT);
INSERT INTO t1 VALUES (1), (2);
INSERT INTO t2 VALUES (1,2), (2,3);
SELECT (SELECT 1 FROM t1 WHERE a=b AND c=1 ORDER BY a DESC) FROM t2;
NULL
NULL
DROP TABLE t1, t2;
CREATE TABLE t1 (
a INT,
c INT,
UNIQUE KEY a_c (a,c),
KEY (a)) engine=myisam;
INSERT INTO t1 VALUES (1,10), (2,NULL), (2,10);
SELECT c FROM t1 WHERE a=2 AND (c=10 OR c IS NULL);
NULL
10
SELECT c FROM t1 WHERE a=2 AND (c=10 OR c IS NULL) ORDER BY c;
NULL
10
SELECT c FROM t1 WHERE a=2 AND (c=10 OR c IS NULL) ORDER BY c;
NULL
10
SELECT c FROM t1 WHERE a=2 AND (c=10 OR c IS NULL) ORDER BY c DESC;
10
NULL
SELECT c FROM t1 WHERE a=2 AND (c=10 OR c IS NULL) ORDER BY c DESC;
10
NULL
DROP TABLE t1;
CREATE TABLE t1(a int PRIMARY KEY, b int) ENGINE=myisam;
INSERT INTO t1 VALUES
(5, 10), (2, 70), (7, 80), (6, 20), (1, 50), (9, 40), (8, 30), (3, 60);
CREATE TABLE t2 (p int, a int, INDEX i_a(a)) ENGINE=myisam;
INSERT INTO t2 VALUES
(103, 7), (109, 3), (102, 3), (108, 1), (106, 3),
(107, 7), (105, 1), (101, 3), (100, 7), (110, 1);
SELECT t1.a FROM t1 LEFT JOIN t2 ON t1.a=t2.a ORDER BY t1.a;
1
1
1
2
3
3
3
3
5
6
7
7
7
8
9
SELECT t1.a FROM t1 LEFT JOIN t2 ON t1.a=t2.a ORDER BY t1.a LIMIT 8;
1
1
1
2
3
3
3
3
SELECT t1.a FROM t1 LEFT JOIN t2 ON t1.a=t2.a ORDER BY t1.a LIMIT 1000;
1
1
1
2
3
3
3
3
5
6
7
7
7
8
9
DROP TABLE t1, t2;
CREATE TABLE t1 (a INT, b INT, KEY(b), KEY(b,a)) ENGINE=INNODB;
INSERT INTO t1 VALUES (0,0);
DROP TABLE t1;
CREATE TABLE t1 (
pk INTEGER NOT NULL,
PRIMARY KEY (pk)
) ENGINE=MyISAM;
INSERT INTO t1 VALUES (1), (2), (3);
CREATE VIEW view_t1 AS SELECT * FROM t1;
CREATE TABLE t2 (
i1 INTEGER NOT NULL
) ENGINE=MyISAM;
DROP VIEW view_t1;
DROP TABLE t1, t2;
CREATE TABLE t1(a INT) ENGINE=INNODB;
CREATE TABLE t2(c INT) ENGINE=INNODB;
CREATE TABLE t3(b BLOB NOT NULL) ENGINE=INNODB;
SELECT
(SELECT 1 FROM t1
WHERE (SELECT c FROM t2 ORDER BY COUNT(t3.b ))
)
FROM t3;
NULL
DROP TABLE t1,t2,t3;
CREATE TABLE z1 (c05 TIME);
(SELECT * FROM z1 ORDER BY '1') ORDER BY '1';
DROP TABLE z1;
CREATE TABLE t(
m MEDIUMTEXT,   # must be blob, CHAR(1), TEXT works....
pk INT PRIMARY KEY
);
INSERT INTO t VALUES ('s',1);
SELECT MIN(alias2.m) AS field2,
alias2.pk AS field3
FROM t AS alias1
LEFT JOIN
t AS alias2
ON alias1.m = alias2.m
GROUP BY field3
ORDER BY UPPER(field2);
s	1
 # The alias must be a function argument
DROP TABLE t;
CREATE TABLE t1 ( a INTEGER, b LONGTEXT );
INSERT INTO t1 VALUES (1,'z');
INSERT INTO t1 VALUES (2,'y');
INSERT INTO t1 VALUES (3,'x');
SELECT MIN(b) AS min_b FROM t1 GROUP BY a ORDER BY COALESCE(MIN(b), 'a');
x
y
z
SELECT MIN(b) AS min_b FROM t1 GROUP BY a ORDER BY COALESCE(min_b, 'a');
x
y
z
SELECT MIN(b) AS min_b FROM t1 GROUP BY a ORDER BY COALESCE(MIN(b), 'a') DESC;
z
y
x
SELECT MIN(b) AS min_b FROM t1 GROUP BY a ORDER BY COALESCE(min_b, 'a') DESC;
z
y
x
DROP TABLE t1;
