create table weights(a int unique);
insert into weights values(1);
select * from weights;
1
drop table if exists test;
create table test(id int primary key, name varchar(10), age int);
insert into test values(1, 'Abby', 20);
insert into test values(2, 'Bob', 21);
select id,name,age from test;
1	Abby	20
2	Bob	21
drop table if exists pet;
create table pet(name char(10),owner char(10), species char(10), gender char(1), weight float,age int);
insert into pet values ('Sunsweet01','Dsant01','otter','f',30.11,2),
('Sunsweet02','Dsant02','otter','m',30.11,3);
insert into pet(name, owner, species, gender, weight, age) values ('Sunsweet03','Dsant01','otter','f',30.11,2),
('Sunsweet04','Dsant02','otter','m',30.11,3);
select * from pet;
Sunsweet01	Dsant01	otter	f	30.11	2
Sunsweet02	Dsant02	otter	m	30.11	3
Sunsweet03	Dsant01	otter	f	30.11	2
Sunsweet04	Dsant02	otter	m	30.11	3
drop table if exists t1;
create table t1 (a bigint unsigned not null, primary key(a));
insert into t1 values (18446744073709551615), (0xFFFFFFFFFFFFFFFE), (18446744073709551613), (18446744073709551612);
select * from t1;
18446744073709551612
18446744073709551613
18446744073709551614
18446744073709551615
drop table if exists t1;
create table t1 (name char(20) not null primary key ) ;
insert into t1 values ("å");
insert into t1 values ("ö");
select * from t1 order by name;
å
ö
select 0.9888889889 * 1.01111111911;
0.999876652242235367879
select @@autocommit, @@session.transaction_isolation, @@session.character_set_client;
1	REPEATABLE-READ	utf8mb4
