with x as (select 1,2) select * from x union select * from x;
1	2
WITH cte AS ( SELECT 1 AS col1, 2 AS col2 UNION ALL SELECT 3, 4 ) SELECT col1, col2 FROM cte;
1	2
3	4
drop database if exists test2_db1;
drop database if exists test2_db2;
create database test2_db1;
create database test2_db2;
create table test2_db1.t1(c1 int);
create table test2_db2.t1(c1 int);
create view test2_db1.v1 as select * from test2_db1.t1;
create view test2_db2.v1 as select * from test2_db2.t1;
drop view test2_db1.v1, test2_db2.v1;
drop database if exists test2_db1;
drop database if exists test2_db2;
drop database if exists test2_db1;
drop database if exists user;
create database test2_db1;
create database user;
create table test2_db1.music(c1 int, c2 int);
create table user.music(c1 int, c2 int);
drop table test2_db1.music, user.music;
drop database if exists test2_db1;
drop database if exists user;
drop database if exists test2_db1;
drop database if exists test2_user;
create database test2_db1;
create database test2_user;
create table test2_db1.music(c1 int, c2 int);
create view test2_user.view_a as select sql_calc_found_rows * from test2_db1.music limit 100;
select * from test2_user.view_a;
drop database test2_user;
drop database if exists test2_db1;
create database test2_db1;
create table test2_db1.user(id int, col int);
insert into test2_db1.user values(1, 1);
use test2_db1;
(select sql_calc_found_rows id from user where id = 1 limit 1) union select id from user where id = 1;
1
select get_lock('xyz', 10) from test2_db1.user;
1
drop database test2_db1;
use mysql;
select 0.9888889889 * 1.01111111911;
0.999876652242235367879
select @@autocommit, @@session.transaction_isolation, @@session.character_set_client;
1	REPEATABLE-READ	utf8mb4
SET @int = 10;
SELECT @int + 100, @int - 5, @int * 2, @int / 3, @int % 7;
110	5	20	3.3333	3
SET @float = 10.5;
SELECT @float + 1.5, @float - 0.5, @float * 2, @float / 3;
12.0	10.0	21.0	3.50000
SET @str = 'hello';
SELECT CONCAT(@str, ' world'), SUBSTRING(@str, 2, 3), LENGTH(@str);
hello world	ell	5
SET @date = '2023-01-01';
SELECT DATE_ADD(@date, INTERVAL 1 DAY), DATE_SUB(@date, INTERVAL 1 DAY),
DATEDIFF(@data, '2023-07-01'), YEAR(@date), MONTH(@date);
2023-01-02	2022-12-31	NULL	2023	1
SET @bool = true;
SELECT !@bool, @bool AND 1, @bool OR 1 ;
0	1	1
SELECT NULL = NULL, NULL != NULL, NULL IS NULL, NULL IS NOT NULL;
NULL	NULL	1	0
SET @x = 1;
SELECT IF(@x = 1, 'one', 'other'), CASE WHEN @x = 1 THEN 'one' ELSE 'other' END;
one	one
