create table weights(a int unique);
insert into weights values(1);
select * from weights;
1
drop table if exists test;
create table test(id int primary key, name varchar(10), age int);
insert into test values(1, 'Abby', 20);
insert into test values(2, 'Bob', 21);
select id,name,age from test;
1	Abby	20
2	Bob	21
drop table if exists pet;
create table pet(name char(10),owner char(10), species char(10), gender char(1), weight float,age int);
insert into pet values ('Sunsweet01','Dsant01','otter','f',30.11,2),
('Sunsweet02','Dsant02','otter','m',30.11,3);
insert into pet(name, owner, species, gender, weight, age) values ('Sunsweet03','Dsant01','otter','f',30.11,2),
('Sunsweet04','Dsant02','otter','m',30.11,3);
select * from pet;
Sunsweet01	Dsant01	otter	f	30.11	2
Sunsweet02	Dsant02	otter	m	30.11	3
Sunsweet03	Dsant01	otter	f	30.11	2
Sunsweet04	Dsant02	otter	m	30.11	3
drop table if exists t1;
create table t1 (a bigint unsigned not null, primary key(a));
insert into t1 values (18446744073709551615), (0xFFFFFFFFFFFFFFFE), (18446744073709551613), (18446744073709551612);
select * from t1;
18446744073709551612
18446744073709551613
18446744073709551614
18446744073709551615
drop table if exists t1;
create table t1 (name char(20) not null primary key ) ;
insert into t1 values ("å");
insert into t1 values ("ö");
select * from t1 order by name;
å
ö
select 0.9888889889 * 1.01111111911;
0.999876652242235367879
select @@autocommit, @@client_found_rows, @@skip_query_plan_cache, @@enable_system_settings,
@@sql_select_limit, @@transaction_mode, @@workload, @@read_after_write_timeout,
@@session_track_gtids, @@ddl_strategy, @@socket, @@query_timeout;
1	0	0	1	0	UNSPECIFIED	OLTP	30	off	direct	/tmp/mysql.sock	0
set @@read_write_splitting_policy='random';
set @@read_after_write_consistency='session';
select @@read_write_splitting_policy, @@read_after_write_consistency;
random	SESSION
