drop table if exists t1,t2;
create table t1 (a int auto_increment , primary key (a));
insert into t1 values (NULL),(NULL),(NULL),(NULL),(NULL),(NULL),(NULL),(NULL),(NULL),(NULL),(NULL),(NULL),(NULL),(NULL),(NULL),(NULL),(NULL),(NULL),(NULL),(NULL),(NULL),(NULL),(NULL),(NULL),(NULL),(NULL),(NULL),(NULL),(NULL),(NULL),(NULL),(NULL),(NULL),(NULL),(NULL),(NULL);
update t1 set a=a+10 where a > 34;
update t1 set a=a+100 where a > 0;
update t1 set a=a+100 limit 0;
explain update t1 set a=a+100 limit 0;
1	UPDATE	NULL	NULL	NULL	NULL	NULL	NULL	NULL	NULL	NULL	LIMIT is zero
update t1 set a=a+100 where a=1 and a=2;
select * from t1;
101
102
103
104
105
106
107
108
109
110
111
112
113
114
115
116
117
118
119
120
121
122
123
124
125
126
127
128
129
130
131
132
133
134
145
146
drop table t1;
CREATE TABLE t1
(
place_id int (10) unsigned NOT NULL,
shows int(10) unsigned DEFAULT '0' NOT NULL,
ishows int(10) unsigned DEFAULT '0' NOT NULL,
ushows int(10) unsigned DEFAULT '0' NOT NULL,
clicks int(10) unsigned DEFAULT '0' NOT NULL,
iclicks int(10) unsigned DEFAULT '0' NOT NULL,
uclicks int(10) unsigned DEFAULT '0' NOT NULL,
ts timestamp,
PRIMARY KEY (place_id,ts)
);
INSERT INTO t1 (place_id,shows,ishows,ushows,clicks,iclicks,uclicks,ts)
VALUES (1,0,0,0,0,0,0,20000928174434);
UPDATE t1 SET shows=shows+1,ishows=ishows+1,ushows=ushows+1,clicks=clicks+1,iclicks=iclicks+1,uclicks=uclicks+1 WHERE place_id=1 AND ts>="2000-09-28 00:00:00";
select place_id,shows from t1;
1	1
drop table t1;
create table t1 (a int not null, b int not null, key (a));
insert into t1 values (1,1),(1,2),(1,3),(3,1),(3,2),(3,3),(3,1),(3,2),(3,3),(2,1),(2,2),(2,3);
SET @tmp=0;
update t1 set b=99 where a=1 order by b asc limit 1;
select * from t1 order by a,b;
1	2
1	3
1	99
2	1
2	2
2	3
3	1
3	1
3	2
3	2
3	3
3	3
update t1 set b=100 where a=1 order by b desc limit 2;
update t1 set a=a+10+b where a=1 order by b;
select * from t1 order by a,b;
2	1
2	2
2	3
3	1
3	1
3	2
3	2
3	3
3	3
13	2
111	100
111	100
create table t2 (a int not null, b int not null);
insert into t2 values (1,1),(1,2),(1,3);
update t1 set b=(select distinct 1 from (select * from t2) a);
drop table t1,t2;
create table t1 (F1 VARCHAR(30), F2 VARCHAR(30), F3 VARCHAR(30), cnt int, groupid int, KEY groupid_index (groupid));
insert into t1 (F1,F2,F3,cnt,groupid) values ('0','0','0',1,6),
('0','1','2',1,5), ('0','2','0',1,3), ('1','0','1',1,2),
('1','2','1',1,1), ('1','2','2',1,1), ('2','0','1',2,4),
('2','2','0',1,7);
delete from m1 using t1 m1,t1 m2 where m1.groupid=m2.groupid and (m1.cnt < m2.cnt or m1.cnt=m2.cnt and m1.F3>m2.F3);
select * from t1;
0	0	0	1	6
0	1	2	1	5
0	2	0	1	3
1	0	1	1	2
1	2	1	1	1
2	0	1	2	4
2	2	0	1	7
drop table t1;
CREATE TABLE t1 (
`colA` int(10) unsigned NOT NULL auto_increment,
`colB` int(11) NOT NULL default '0',
PRIMARY KEY  (`colA`)
);
INSERT INTO t1 VALUES (4433,5424);
CREATE TABLE t2 (
`colC` int(10) unsigned NOT NULL default '0',
`colA` int(10) unsigned NOT NULL default '0',
`colD` int(10) unsigned NOT NULL default '0',
`colE` int(10) unsigned NOT NULL default '0',
`colF` int(10) unsigned NOT NULL default '0',
PRIMARY KEY  (`colC`,`colA`,`colD`,`colE`)
);
INSERT INTO t2 VALUES (3,4433,10005,495,500);
INSERT INTO t2 VALUES (3,4433,10005,496,500);
INSERT INTO t2 VALUES (3,4433,10009,494,500);
INSERT INTO t2 VALUES (3,4433,10011,494,500);
INSERT INTO t2 VALUES (3,4433,10005,497,500);
INSERT INTO t2 VALUES (3,4433,10013,489,500);
INSERT INTO t2 VALUES (3,4433,10005,494,500);
INSERT INTO t2 VALUES (3,4433,10005,493,500);
INSERT INTO t2 VALUES (3,4433,10005,492,500);
UPDATE IGNORE t2,t1 set t2.colE = t2.colE + 1,colF=0 WHERE t1.colA = t2.colA AND (t1.colB & 4096) > 0 AND (colE + 1) < colF;
SELECT * FROM t2;
3	4433	10005	492	500
3	4433	10005	493	500
3	4433	10005	494	500
3	4433	10005	495	500
3	4433	10005	496	500
3	4433	10005	498	0
3	4433	10009	495	0
3	4433	10011	495	0
3	4433	10013	490	0
DROP TABLE t1;
DROP TABLE t2;
create table t1 (c1 int, c2 char(6), c3 int);
create table t2 (c1 int, c2 char(6));
insert into t1 values (1, "t1c2-1", 10), (2, "t1c2-2", 20);
update t1 left join t2 on t1.c1 = t2.c1 set t2.c2 = "t2c2-1";
update t1 left join t2 on t1.c1 = t2.c1 set t2.c2 = "t2c2-1" where t1.c3 = 10;
drop table t1, t2;
create table t1 (id int not null auto_increment primary key, id_str varchar(32));
insert into t1 (id_str) values ("test");
update t1 set id_str = concat(id_str, id) where id = last_insert_id();
select * from t1;
1	test1
drop table t1;
create table t1 (a int, b char(255), key(a, b(20)));
insert into t1 values (0, '1');
update t1 set b = b + 1 where a = 0;
select * from t1;
0	2
drop table t1;
create table t1(f1 int, f2 int);
create table t2(f3 int, f4 int);
create index idx on t2(f3);
insert into t1 values(1,0),(2,0);
insert into t2 values(1,1),(2,2);
UPDATE t1 SET t1.f2=(SELECT MAX(t2.f4) FROM t2 WHERE t2.f3=t1.f1);
select * from t1;
1	1
2	2
drop table t1,t2;
create table t1(f1 int);
select DATABASE();
update2
select DATABASE();
update2
drop table t1;
create table t1 ( a int, b int default 0, index (a) );
insert into t1 (a) values (0),(0),(0),(0),(0),(0),(0),(0);
flush status;
select a from t1 order by a limit 1;
0
flush status;
update t1 set a=9999 order by a limit 1;
update t1 set b=9999 order by a limit 1;
flush status;
delete from t1 order by a, b desc limit 1;
flush status;
delete from t1 order by a desc, b desc limit 1;
alter table t1 disable keys;
flush status;
delete from t1 order by a limit 1;
select * from t1;
0	0
0	0
0	0
0	0
0	0
update t1 set a=a+10,b=1 order by a limit 3;
update t1 set a=a+11,b=2 order by a limit 3;
update t1 set a=a+12,b=3 order by a limit 3;
select * from t1 order by a;
11	2
21	2
22	3
22	3
23	3
drop table t1;
create table t1 (f1 int);
create table t2 (f2 int);
insert into t1 values(1),(2);
insert into t2 values(1),(1);
update t1,t2 set f1=3,f2=3 where f1=f2 and f1=1;
update t2 set f2=1;
update t1 set f1=1 where f1=3;
update t2,t1 set f1=3,f2=3 where f1=f2 and f1=1;
drop table t1,t2;
create table t1 (a int);
insert into t1 values (0),(1),(2),(3),(4),(5),(6),(7),(8),(9);
create table t2 (a int, filler1 char(200), filler2 char(200), key(a));
insert into t2 select A.a + 10*B.a, 'filler','filler' from t1 A, t1 B;
flush status;
update t2 set a=3 where a=2;
drop table t1, t2;
create table t1(f1 int, `*f2` int);
insert into t1 values (1,1);
update t1 set `*f2`=1;
drop table t1;
create table t1(f1 int);
drop table t1;
SET sql_mode = 'NO_ENGINE_SUBSTITUTION';
CREATE TABLE t1 (
request_id int unsigned NOT NULL auto_increment,
user_id varchar(12) default NULL,
time_stamp datetime NOT NULL default '0000-00-00 00:00:00',
ip_address varchar(15) default NULL,
PRIMARY KEY (request_id),
KEY user_id_2 (user_id,time_stamp)
);
INSERT INTO t1 (user_id) VALUES ('user1');
INSERT INTO t1(user_id) SELECT user_id FROM t1;
INSERT INTO t1(user_id) SELECT user_id FROM t1;
INSERT INTO t1(user_id) SELECT user_id FROM t1;
INSERT INTO t1(user_id) SELECT user_id FROM t1;
INSERT INTO t1(user_id) SELECT user_id FROM t1;
INSERT INTO t1(user_id) SELECT user_id FROM t1;
INSERT INTO t1(user_id) SELECT user_id FROM t1;
INSERT INTO t1(user_id) SELECT user_id FROM t1;
flush status;
SELECT user_id FROM t1 WHERE request_id=9999999999999;
SELECT user_id FROM t1 WHERE request_id=999999999999999999999999999999;
UPDATE t1 SET user_id=null WHERE request_id=9999999999999;
UPDATE t1 SET user_id=null WHERE request_id=999999999999999999999999999999;
DROP TABLE t1;
CREATE TABLE t1 (
a INT(11),
quux decimal( 31, 30 ),
UNIQUE KEY bar (a),
KEY quux (quux)
);
INSERT INTO
t1 ( a, quux )
VALUES
( 1,    1 ),
( 2,  0.1 );
SELECT * FROM t1;
1	1.000000000000000000000000000000
2	0.100000000000000000000000000000
DROP TABLE t1;
set tmp_table_size=1024;
create table t1 (id int, a int, key idx(a));
create table t2 (id int unsigned not null auto_increment primary key, a int);
insert into t2(a) values(1),(2),(3),(4),(5),(6),(7),(8);
insert into t2(a) select a from t2;
insert into t2(a) select a from t2;
insert into t2(a) select a from t2;
update t2 set a=id;
insert into t1 select * from t2;
select count(*) from t1 join t2 on (t1.a=t2.a);
64
update t1 join t2 on (t1.a=t2.a) set t1.id=t2.id;
insert into t2(a) select a from t2;
update t2 set a=id;
truncate t1;
insert into t1 select * from t2;
select count(*) from t1 join t2 on (t1.a=t2.a);
128
update t1 join t2 on (t1.a=t2.a) set t1.id=t2.id;
update t1 set a=1;
update t2 set a=1;
select count(*) from t1 join t2 on (t1.a=t2.a);
16384
update t1 join t2 on (t1.a=t2.a) set t1.id=t2.id;
drop table t1,t2;
DROP TABLE IF EXISTS t1;
CREATE TABLE t1 (i INT);
INSERT INTO t1 VALUES (1);
DROP TABLE t1;
CREATE TABLE t1 (f1 INTEGER AUTO_INCREMENT, PRIMARY KEY (f1));
CREATE TEMPORARY TABLE t2 LIKE t1;
INSERT INTO t1 VALUES (1);
INSERT INTO t2 VALUES (1);
ALTER TABLE t2 COMMENT = 'ABC';
UPDATE t2, t1 SET t2.f1 = 2, t1.f1 = 9;
ALTER TABLE t2 COMMENT = 'DEF';
DROP TABLE t1, t2;
CREATE TABLE t1 ( a INT, KEY( a ) );
INSERT INTO t1 VALUES (0), (1);
CREATE VIEW v1 AS SELECT t11.a, t12.a AS b FROM t1 t11, t1 t12;
SET SESSION sql_safe_updates = 1;
DROP TABLE t1;
DROP VIEW v1;
SET sql_mode = 'NO_ENGINE_SUBSTITUTION';
DROP TABLE IF EXISTS t1, not_exists;
DROP VIEW IF EXISTS v1;
CREATE TABLE t1 (i INT) ENGINE=INNODB;
INSERT INTO t1 VALUES (10),(11),(12),(13),(14),(15),(16),(17),(18),(19),
(20),(21),(22),(23),(24),(25),(26),(27),(28),(29),
(30),(31),(32),(33),(34),(35);
CREATE TABLE t2 (a CHAR(2), b CHAR(2), c CHAR(2), d CHAR(2),
INDEX idx (a,b(1),c)) ENGINE=INNODB;
INSERT INTO t2 SELECT i, i, i, i FROM t1;
FLUSH STATUS;
START TRANSACTION;
UPDATE t2 SET d = 10 WHERE b = 10 LIMIT 5;
SET @binlog_handler_update= IF(@@global.log_bin AND @@global.binlog_format != 'STATEMENT', 1, 0);
ROLLBACK;
FLUSH STATUS;
START TRANSACTION;
UPDATE t2 SET d = 10 WHERE b = 10 ORDER BY a, c LIMIT 5;
ROLLBACK;
ALTER TABLE t2 DROP INDEX idx, ADD INDEX idx2 (a, b);
FLUSH STATUS;
START TRANSACTION;
UPDATE t2 SET c = 10 LIMIT 5;
ROLLBACK;
FLUSH STATUS;
START TRANSACTION;
UPDATE t2 SET c = 10 ORDER BY a, b DESC LIMIT 5;
ROLLBACK;
DROP TABLE t1, t2;
CREATE TABLE t1(
a int,
c int,
e int,
f int,
g blob,
h int,
i int,
j blob,
unique key (g(221),c),
unique key (c,a,j(148)),
key (i)
) engine=innodb;
DROP TABLE t1;
CREATE TABLE t1 (a VARCHAR(50), b TEXT, c CHAR(50)) ENGINE=INNODB;
INSERT INTO t1 (a, b, c) VALUES ('start trail', '', 'even longer string');
SELECT a, b FROM t1;
start trail	
SELECT c, b FROM t1;
even longer string	
DROP TABLE t1;
CREATE TABLE t1 (
a INTEGER,
b INTEGER,
c INTEGER,
d INTEGER,
KEY key1 (a,b,c)
);
INSERT INTO t1 (a,b,c,d) VALUES (1, 1, 1, 4), (2, 2, 2, 5), (2, 3, 4, 7),
(3, 3, 3, 9), (4, 4, 4, 0), (5, 5, 5, 1), (5, 6, 7, 3), (5, 7, 9, 9);
analyze table t1;
analyze table t1;
SELECT * FROM t1;
1	1	1	4
2	2	2	5
2	3	4	7
3	3	3	9
4	4	4	0
5	5	5	1
5	6	7	3
5	7	9	9
SELECT * FROM t1;
1	1	1	4
2	2	2	5
2	3	4	7
3	3	3	9
4	4	4	0
5	5	5	1
5	6	7	3
5	7	9	9
INSERT INTO t1 (a,b,c,d) VALUES (5, 5, 1, 1), (5, 5, 2, 1), (5, 5, 4, 1);
analyze table t1;
SELECT * FROM t1;
1	1	1	4
2	2	2	5
2	3	4	7
3	3	3	9
4	4	4	0
5	5	5	1
5	6	7	3
5	7	9	9
5	5	1	1
5	5	2	1
5	5	4	1
analyze table t1;
SELECT * FROM t1;
1	1	1	4
2	2	2	5
2	3	4	7
3	3	3	9
4	4	4	0
5	5	5	1
5	6	7	3
5	7	9	9
5	5	1	1
5	5	2	1
5	5	4	1
INSERT INTO t1 (a,b,c,d) VALUES (1, 1, 1, 4), (2, 2, 2, 5), (2, 3, 4, 7),
(3, 3, 3, 9), (4, 4, 4, 0), (5, 5, 5, 1), (5, 6, 7, 3), (5, 7, 9, 9);
ANALYZE TABLE t1;
SELECT * FROM t1;
1	1	1	4
2	2	2	5
2	3	4	7
3	3	3	9
4	4	4	0
5	5	5	1
5	6	7	3
5	7	9	9
5	5	1	1
5	5	2	1
5	5	4	1
1	1	1	4
2	2	2	5
2	3	4	7
3	3	3	9
4	4	4	0
5	5	5	1
5	6	7	3
5	7	9	9
SELECT * FROM t1;
1	1	1	4
2	2	2	5
2	3	4	7
3	3	3	9
4	4	4	0
5	5	5	1
5	6	7	3
5	7	9	9
5	5	1	1
5	5	2	1
5	5	4	1
1	1	1	4
2	2	2	5
2	3	4	7
3	3	3	9
4	4	4	0
5	5	5	1
5	6	7	3
5	7	9	9
SELECT * FROM t1;
1	1	1	4
2	2	2	5
2	3	4	7
3	3	3	9
4	4	4	0
5	5	5	1
5	6	7	3
5	7	9	9
5	5	1	1
5	5	2	1
5	5	4	1
1	1	1	4
2	2	2	5
2	3	4	7
3	3	3	9
4	4	4	0
5	5	5	1
5	6	7	3
5	7	9	9
INSERT INTO t1 (a,b,c,d) VALUES (1, 1, 1, 4), (2, 2, 2, 5), (2, 3, 4, 7),
(3, 3, 3, 9), (4, 4, 4, 0), (5, 5, 5, 1), (5, 6, 7, 3), (5, 7, 9, 9);
INSERT INTO t1 (a,b,c,d) VALUES (1, 1, 1, 4), (2, 2, 2, 5), (2, 3, 4, 7),
(3, 3, 3, 9), (4, 4, 4, 0), (5, 5, 5, 1), (5, 6, 7, 3), (5, 7, 9, 9);
ANALYZE TABLE t1;
SELECT * FROM t1;
1	1	1	4
2	2	2	5
2	3	4	7
3	3	3	9
4	4	4	0
5	5	5	1
5	6	7	3
5	7	9	9
5	5	1	1
5	5	2	1
5	5	4	1
1	1	1	4
2	2	2	5
2	3	4	7
3	3	3	9
4	4	4	0
5	5	5	1
5	6	7	3
5	7	9	9
1	1	1	4
2	2	2	5
2	3	4	7
3	3	3	9
4	4	4	0
5	5	5	1
5	6	7	3
5	7	9	9
1	1	1	4
2	2	2	5
2	3	4	7
3	3	3	9
4	4	4	0
5	5	5	1
5	6	7	3
5	7	9	9
DROP TABLE t1;
CREATE TABLE t1 (a INT PRIMARY KEY, b DATE);
DROP TABLE t1;
CREATE TABLE t1(
id INTEGER NOT NULL AUTO_INCREMENT,
token VARCHAR(255) DEFAULT NULL,
PRIMARY KEY (id),
KEY token (token)
)DEFAULT CHARSET=utf8;
INSERT INTO t1 VALUES (1, "abc"), (2, "def");
SET sql_mode='';
SELECT * FROM t1;
1	abc
2	def
UPDATE t1 SET token = NULL WHERE token = X'ad';
SELECT * FROM t1;
1	abc
2	def
DROP TABLE t1;
CREATE TABLE t1 (a INTEGER);
INSERT INTO t1 VALUES (0);
DROP TABLE t1;
CREATE TABLE t1 (f1 INT PRIMARY KEY, f2 INT CHECK (f2 < 400));
CREATE TABLE t2 (f1 INT PRIMARY KEY, f2 INT);
CREATE VIEW v2 AS SELECT * FROM t2 WHERE f2 < 400;
INSERT INTO t1 VALUES (1, 10), (2, 20);
INSERT INTO t2 VALUES (1, 10), (2, 20);
DROP VIEW v2;
DROP TABLE t2, t1;
CREATE TABLE t1(a INTEGER, b INTEGER AS (a));
CREATE TABLE t2(a INTEGER);
DROP TABLE t1, t2;
CREATE TABLE t1(a1 INTEGER PRIMARY KEY, b1 INTEGER);
CREATE TABLE t2(a2 INTEGER PRIMARY KEY, b2 INTEGER);
CREATE VIEW vmat2 AS SELECT DISTINCT * FROM t2;
CREATE VIEW vtr AS
SELECT * FROM t1 JOIN vmat2 AS dt2 ON t1.a1=dt2.a2;
UPDATE vtr SET b1=b1+1 WHERE a1=1;
DROP VIEW vtr, vmat2;
DROP TABLE t1, t2;
CREATE TABLE g(c INTEGER, b INTEGER);
CREATE TABLE t(a INTEGER);
DROP TABLE g, t;
CREATE TABLE t1(i int primary key, c1 tinytext, c2 text);
INSERT INTO t1 VALUES (-1, 'twofiftyfive', '012345678901234567890123456789012345678901234567890123456789012345678901234567890123456789012345678901234567890123456789012345678901234567890123456789012345678901234567890123456789012345678901234567890123456789012345678901234567890123456789012345678901234');
INSERT INTO t1 VALUES(0,'zero',
'0123456789012345678901234567890123456789012345678901234567890123456789012345678901234567890123456789012345678901234567890123456789012345678901234567890123456789012345678901234567890123456789012345678901234567890123456789012345678901234567890123456789012345');
INSERT INTO t1 VALUES (1, 'one', '01234567890123456789012345678901234567890123456789012345678901234567890123456789012345678901234567890123456789012345678901234567890123456789012345678901234567890123456789012345678901234567890123456789012345678901234567890123456789012345678901234567890123456');
INSERT INTO t1 VALUES (2, 'two', '012345678901234567890123456789012345678901234567890123456789012345678901234567890123456789012345678901234567890123456789012345678901234567890123456789012345678901234567890123456789012345678901234567890123456789012345678901234567890123456789012345678901234567');
UPDATE t1 SET c1 = c2 WHERE i = -1;
UPDATE IGNORE t1 SET c1 = c2 WHERE i = 1;
SET SESSION sql_mode = '';
UPDATE t1 SET c1 = c2 WHERE i = 2;
SELECT * FROM t1;
-1	012345678901234567890123456789012345678901234567890123456789012345678901234567890123456789012345678901234567890123456789012345678901234567890123456789012345678901234567890123456789012345678901234567890123456789012345678901234567890123456789012345678901234	012345678901234567890123456789012345678901234567890123456789012345678901234567890123456789012345678901234567890123456789012345678901234567890123456789012345678901234567890123456789012345678901234567890123456789012345678901234567890123456789012345678901234
0	zero	0123456789012345678901234567890123456789012345678901234567890123456789012345678901234567890123456789012345678901234567890123456789012345678901234567890123456789012345678901234567890123456789012345678901234567890123456789012345678901234567890123456789012345
1	012345678901234567890123456789012345678901234567890123456789012345678901234567890123456789012345678901234567890123456789012345678901234567890123456789012345678901234567890123456789012345678901234567890123456789012345678901234567890123456789012345678901234	01234567890123456789012345678901234567890123456789012345678901234567890123456789012345678901234567890123456789012345678901234567890123456789012345678901234567890123456789012345678901234567890123456789012345678901234567890123456789012345678901234567890123456
2	012345678901234567890123456789012345678901234567890123456789012345678901234567890123456789012345678901234567890123456789012345678901234567890123456789012345678901234567890123456789012345678901234567890123456789012345678901234567890123456789012345678901234	012345678901234567890123456789012345678901234567890123456789012345678901234567890123456789012345678901234567890123456789012345678901234567890123456789012345678901234567890123456789012345678901234567890123456789012345678901234567890123456789012345678901234567
DROP TABlE t1;
